2005,KL,9,"Agribusiness,Farm & Financial ",317
2006,KL,9,"Agribusiness,Farm & Financial ",208
2007,KL,9,"Agribusiness,Farm & Financial ",100
2008,KL,9,"Agribusiness,Farm & Financial ",31
2009,KL,9,"Agribusiness,Farm & Financial ",4
2011,KV,5281,"Earth,Society,& Environment ",25
2012,KV,5313,"Earth,Soc,Env Sustainability ",61
2012,KV,5281,"Earth,Society,& Environment ",49
2013,KV,5313,"Earth,Soc,Env Sustainability ",129
2013,KV,5281,"Earth,Society,& Environment ",31
2014,KV,5281,"Earth,Society,& Environment ",8
2014,KV,5313,"Earth,Soc,Env Sustainability ",141
2015,KV,5313,"Earth,Soc,Env Sustainability ",152
2007,KV,5086,"Earth Systems,Env,& Society ",1
2008,KV,5086,"Earth Systems,Env,& Society ",65
2009,KV,5086,"Earth Systems,Env,& Society ",128
2010,KV,5086,"Earth Systems,Env,& Society ",158
2011,KV,5086,"Earth Systems,Env,& Society ",108
2012,KV,5086,"Earth Systems,Env,& Society ",36
2013,KV,5086,"Earth Systems,Env,& Society ",11
2014,KV,5086,"Earth Systems,Env,& Society ",1
2008,KV,5107,"Ecol,Evol,Conservation Biol ",19
2009,KV,5107,"Ecol,Evol,Conservation Biol ",22
2010,KV,5107,"Ecol,Evol,Conservation Biol ",22
2011,KV,5107,"Ecol,Evol,Conservation Biol ",23
2012,KV,5107,"Ecol,Evol,Conservation Biol ",31
2013,KV,5107,"Ecol,Evol,Conservation Biol ",32
2014,KV,5107,"Ecol,Evol,Conservation Biol ",33
2015,KV,5107,"Ecol,Evol,Conservation Biol ",34
2015,KN,5399,"Educ Policy,Orgzn & Leadrshp ",95
2005,KL,17,"Intl,Resource,Consumer Econ ",174
2006,KL,17,"Intl,Resource,Consumer Econ ",116
2007,KL,17,"Intl,Resource,Consumer Econ ",55
2008,KL,17,"Intl,Resource,Consumer Econ ",20
2009,KL,17,"Intl,Resource,Consumer Econ ",2
2009,KP,5183,"Nuclear,Plasma,Radiolgc Engr ",102
2010,KP,5183,"Nuclear,Plasma,Radiolgc Engr ",118
2011,KP,5183,"Nuclear,Plasma,Radiolgc Engr ",209
2012,KP,5183,"Nuclear,Plasma,Radiolgc Engr ",231
2013,KP,5183,"Nuclear,Plasma,Radiolgc Engr ",225
2014,KP,5183,"Nuclear,Plasma,Radiolgc Engr ",215
2015,KP,5183,"Nuclear,Plasma,Radiolgc Engr ",233
2005,KY,4043,"Recreation,Sport,and Tourism ",36
2006,KY,4043,"Recreation,Sport,and Tourism ",290
2007,KY,4043,"Recreation,Sport,and Tourism ",417
2008,KY,4043,"Recreation,Sport,and Tourism ",423
2009,KY,4043,"Recreation,Sport,and Tourism ",429
2010,KY,4043,"Recreation,Sport,and Tourism ",377
2011,KY,4043,"Recreation,Sport,and Tourism ",374
2012,KY,4043,"Recreation,Sport,and Tourism ",369
2013,KY,4043,"Recreation,Sport,and Tourism ",346
2014,KY,4043,"Recreation,Sport,and Tourism ",345
2015,KY,4043,"Recreation,Sport,and Tourism ",317
2006,KV,4097,"Russian,E Eur,Eurasian St ",3
2007,KV,4097,"Russian,E Eur,Eurasian St ",7
2008,KV,4097,"Russian,E Eur,Eurasian St ",11
2009,KV,4097,"Russian,E Eur,Eurasian St ",18
2010,KV,4097,"Russian,E Eur,Eurasian St ",13
2011,KV,4097,"Russian,E Eur,Eurasian St ",6
2012,KV,4097,"Russian,E Eur,Eurasian St ",6
2013,KV,4097,"Russian,E Eur,Eurasian St ",10
2014,KV,4097,"Russian,E Eur,Eurasian St ",19
2015,KV,4097,"Russian,E Eur,Eurasian St ",12
2005,KM,71,Accountancy,1261
2006,KM,71,Accountancy,1222
2007,KM,71,Accountancy,1120
2008,KM,71,Accountancy,1147
2009,KM,71,Accountancy,1189
2010,KM,71,Accountancy,1273
2011,KM,71,Accountancy,1297
2012,KM,71,Accountancy,1366
2013,KM,71,Accountancy,1431
2014,KM,71,Accountancy,1490
2015,KM,71,Accountancy,1422
2005,KV,461,Actuarial Science,249
2006,KV,461,Actuarial Science,281
2008,KV,461,Actuarial Science,294
2009,KV,461,Actuarial Science,286
2010,KV,461,Actuarial Science,292
2011,KV,461,Actuarial Science,279
2012,KV,461,Actuarial Science,288
2013,KV,461,Actuarial Science,329
2014,KV,461,Actuarial Science,385
2015,KV,461,Actuarial Science,389
2005,KT,277,Advertising,263
2006,KT,277,Advertising,365
2007,KT,277,Advertising,386
2008,KT,277,Advertising,460
2009,KT,277,Advertising,442
2010,KT,277,Advertising,526
2011,KT,277,Advertising,656
2012,KT,277,Advertising,641
2013,KT,277,Advertising,615
2014,KT,277,Advertising,603
2015,KT,277,Advertising,589
2005,KP,99,Aero & Astro Engineering,48
2006,KP,99,Aero & Astro Engineering,24
2005,KP,4048,Aerospace Engineering,381
2006,KP,4048,Aerospace Engineering,426
2007,KP,4048,Aerospace Engineering,482
2008,KP,4048,Aerospace Engineering,514
2009,KP,4048,Aerospace Engineering,507
2010,KP,4048,Aerospace Engineering,526
2011,KP,4048,Aerospace Engineering,507
2012,KP,4048,Aerospace Engineering,489
2013,KP,4048,Aerospace Engineering,536
2014,KP,4048,Aerospace Engineering,608
2015,KP,4048,Aerospace Engineering,657
2008,KV,1008,African American Studies,1
2009,KV,1008,African American Studies,7
2010,KV,1008,African American Studies,7
2011,KV,1008,African American Studies,3
2012,KV,1008,African American Studies,11
2013,KV,1008,African American Studies,9
2014,KV,1008,African American Studies,9
2015,KV,1008,African American Studies,11
2005,KV,283,African Studies,11
2006,KV,283,African Studies,9
2007,KV,283,African Studies,11
2008,KV,283,African Studies,11
2009,KV,283,African Studies,8
2010,KV,283,African Studies,12
2011,KV,283,African Studies,6
2012,KV,283,African Studies,4
2013,KV,283,African Studies,3
2014,KV,283,African Studies,3
2015,KV,283,African Studies,3
2005,KL,176,Agr & Consumer Economics,83
2006,KL,176,Agr & Consumer Economics,336
2007,KL,176,Agr & Consumer Economics,570
2009,KL,176,Agr & Consumer Economics,646
2010,KL,176,Agr & Consumer Economics,612
2011,KL,176,Agr & Consumer Economics,601
2012,KL,176,Agr & Consumer Economics,644
2013,KL,176,Agr & Consumer Economics,694
2014,KL,176,Agr & Consumer Economics,685
2015,KL,176,Agr & Consumer Economics,670
2005,KL,43,Agr & Environmental Cmc & Educ,103
2006,KL,43,Agr & Environmental Cmc & Educ,98
2007,KL,43,Agr & Environmental Cmc & Educ,90
2008,KL,43,Agr & Environmental Cmc & Educ,73
2009,KL,43,Agr & Environmental Cmc & Educ,82
2010,KL,43,Agr & Environmental Cmc & Educ,90
2011,KL,43,Agr & Environmental Cmc & Educ,78
2012,KL,43,Agr & Environmental Cmc & Educ,19
2013,KL,43,Agr & Environmental Cmc & Educ,11
2014,KL,43,Agr & Environmental Cmc & Educ,3
2005,KL,29,Agr Engineering & Agr Science,37
2006,KL,29,Agr Engineering & Agr Science,42
2007,KL,29,Agr Engineering & Agr Science,44
2008,KL,29,Agr Engineering & Agr Science,54
2009,KL,29,Agr Engineering & Agr Science,69
2010,KL,29,Agr Engineering & Agr Science,41
2011,KL,29,Agr Engineering & Agr Science,21
2012,KL,29,Agr Engineering & Agr Science,4
2014,KL,29,Agr Engineering & Agr Science,1
2015,KL,29,Agr Engineering & Agr Science,1
2012,KL,5318,Agric Leadership & Sci Educ,43
2013,KL,5318,Agric Leadership & Sci Educ,58
2014,KL,5318,Agric Leadership & Sci Educ,55
2015,KL,5318,Agric Leadership & Sci Educ,55
2011,KL,5273,Agricultural & Applied Econ,37
2012,KL,5273,Agricultural & Applied Econ,54
2013,KL,5273,Agricultural & Applied Econ,57
2014,KL,5273,Agricultural & Applied Econ,67
2015,KL,5273,Agricultural & Applied Econ,83
2008,KP,5163,Agricultural & Biological Engr,14
2009,KP,5163,Agricultural & Biological Engr,59
2010,KP,5163,Agricultural & Biological Engr,131
2010,KL,5163,Agricultural & Biological Engr,131
2011,KP,5163,Agricultural & Biological Engr,194
2011,KL,5163,Agricultural & Biological Engr,194
2012,KL,5163,Agricultural & Biological Engr,258
2012,KP,5163,Agricultural & Biological Engr,258
2013,KP,5163,Agricultural & Biological Engr,249
2013,KL,5163,Agricultural & Biological Engr,249
2014,KP,5163,Agricultural & Biological Engr,248
2014,KL,5163,Agricultural & Biological Engr,248
2015,KP,5163,Agricultural & Biological Engr,224
2011,KT,5284,Agricultural Communications,7
2012,KT,5284,Agricultural Communications,19
2013,KT,5284,Agricultural Communications,25
2014,KT,5284,Agricultural Communications,39
2015,KT,5284,Agricultural Communications,41
2005,KL,1,Agricultural Economics,1
2005,KL,181,Agricultural Education,7
2006,KL,181,Agricultural Education,3
2007,KL,181,Agricultural Education,4
2008,KL,181,Agricultural Education,1
2009,KL,181,Agricultural Education,2
2010,KL,181,Agricultural Education,6
2011,KL,181,Agricultural Education,8
2012,KL,181,Agricultural Education,5
2013,KL,181,Agricultural Education,8
2014,KL,181,Agricultural Education,8
2015,KL,181,Agricultural Education,10
2005,KP,102,Agricultural Engineering,93
2006,KP,102,Agricultural Engineering,88
2007,KP,102,Agricultural Engineering,92
2008,KP,102,Agricultural Engineering,90
2009,KP,102,Agricultural Engineering,64
2010,KP,102,Agricultural Engineering,44
2011,KP,102,Agricultural Engineering,10
2012,KP,102,Agricultural Engineering,2
2013,KP,102,Agricultural Engineering,1
2009,KL,5188,Agricultural Production,5
2010,KL,5188,Agricultural Production,7
2011,KL,5188,Agricultural Production,8
2012,KL,5188,Agricultural Production,9
2013,KL,5188,Agricultural Production,6
2014,KL,5188,Agricultural Production,7
2015,KL,5188,Agricultural Production,8
2015,KL,8501,Agriculture,1
2006,KV,1017,American Civilization,1
2013,KV,1017,American Civilization,1
2005,KL,2,Animal Sciences,598
2006,KL,2,Animal Sciences,617
2007,KL,2,Animal Sciences,638
2008,KL,2,Animal Sciences,644
2009,KL,2,Animal Sciences,620
2010,KL,2,Animal Sciences,600
2011,KL,2,Animal Sciences,560
2012,KL,2,Animal Sciences,587
2013,KL,2,Animal Sciences,627
2014,KL,2,Animal Sciences,632
2015,KL,2,Animal Sciences,620
2005,KV,340,Anthropology,207
2006,KV,340,Anthropology,222
2007,KV,340,Anthropology,220
2008,KV,340,Anthropology,243
2009,KV,340,Anthropology,217
2010,KV,340,Anthropology,201
2011,KV,340,Anthropology,205
2012,KV,340,Anthropology,226
2013,KV,340,Anthropology,199
2014,KV,340,Anthropology,177
2015,KV,340,Anthropology,146
2005,KV,327,Applied Mathematics,35
2006,KV,327,Applied Mathematics,27
2007,KV,327,Applied Mathematics,25
2008,KV,327,Applied Mathematics,28
2009,KV,327,Applied Mathematics,23
2010,KV,327,Applied Mathematics,24
2011,KV,327,Applied Mathematics,28
2012,KV,327,Applied Mathematics,31
2013,KV,327,Applied Mathematics,39
2014,KV,327,Applied Mathematics,34
2015,KV,327,Applied Mathematics,36
2005,KR,146,Architectural Studies,534
2006,KR,146,Architectural Studies,525
2007,KR,146,Architectural Studies,547
2008,KR,4091,Architectural Studies,3
2008,KR,146,Architectural Studies,578
2009,KR,146,Architectural Studies,552
2009,KR,4091,Architectural Studies,2
2010,KR,4091,Architectural Studies,2
2010,KR,146,Architectural Studies,503
2011,KR,146,Architectural Studies,505
2011,KR,4091,Architectural Studies,2
2012,KR,4091,Architectural Studies,4
2012,KR,146,Architectural Studies,478
2013,KR,4091,Architectural Studies,1
2013,KR,146,Architectural Studies,443
2014,KR,4091,Architectural Studies,5
2014,KR,146,Architectural Studies,431
2015,KR,146,Architectural Studies,398
2015,KR,4091,Architectural Studies,4
2005,KR,249,Architecture,203
2006,KR,249,Architecture,232
2007,KR,249,Architecture,208
2008,KR,249,Architecture,198
2009,KR,249,Architecture,194
2010,KR,249,Architecture,190
2011,KR,249,Architecture,219
2012,KR,249,Architecture,196
2013,KR,249,Architecture,178
2014,KR,249,Architecture,158
2015,KR,249,Architecture,172
2005,KR,169,Art Education,106
2006,KR,169,Art Education,108
2007,KR,169,Art Education,108
2008,KR,169,Art Education,105
2009,KR,169,Art Education,89
2010,KR,169,Art Education,91
2011,KR,169,Art Education,82
2012,KR,169,Art Education,71
2013,KR,169,Art Education,63
2014,KR,169,Art Education,49
2015,KR,169,Art Education,42
2006,KR,4090,Art Foundation,130
2007,KR,4090,Art Foundation,139
2008,KR,4090,Art Foundation,146
2009,KR,4090,Art Foundation,140
2010,KR,4090,Art Foundation,150
2011,KR,4090,Art Foundation,108
2012,KR,4090,Art Foundation,123
2013,KR,4090,Art Foundation,121
2014,KR,4090,Art Foundation,118
2015,KR,4090,Art Foundation,115
2005,KR,250,Art History,31
2006,KR,250,Art History,35
2007,KR,250,Art History,38
2008,KR,250,Art History,36
2009,KR,250,Art History,31
2010,KR,250,Art History,28
2011,KR,250,Art History,26
2012,KR,250,Art History,24
2013,KR,250,Art History,27
2014,KR,250,Art History,19
2015,KR,250,Art History,21
2005,KR,252,Art and Design,48
2006,KR,252,Art and Design,40
2007,KR,252,Art and Design,43
2008,KR,252,Art and Design,42
2009,KR,252,Art and Design,45
2010,KR,252,Art and Design,38
2011,KR,252,Art and Design,39
2012,KR,252,Art and Design,39
2013,KR,252,Art and Design,40
2014,KR,252,Art and Design,37
2015,KR,252,Art and Design,42
2005,KV,284,Asian Studies,13
2006,KV,284,Asian Studies,10
2007,KV,284,Asian Studies,13
2008,KV,284,Asian Studies,15
2009,KV,284,Asian Studies,10
2010,KV,284,Asian Studies,12
2011,KV,284,Asian Studies,8
2012,KV,284,Asian Studies,6
2013,KV,284,Asian Studies,2
2005,KV,333,Astronomy,72
2006,KV,333,Astronomy,64
2007,KV,333,Astronomy,70
2008,KV,333,Astronomy,75
2009,KV,333,Astronomy,73
2010,KV,333,Astronomy,74
2011,KV,333,Astronomy,64
2012,KV,333,Astronomy,64
2013,KV,333,Astronomy,62
2014,KV,333,Astronomy,77
2015,KV,333,Astronomy,82
2009,KY,5185,Athletic Training,29
2010,KY,5185,Athletic Training,34
2011,KY,5185,Athletic Training,17
2012,KY,5185,Athletic Training,1
2005,KV,334,Atmospheric Sciences,37
2006,KV,334,Atmospheric Sciences,38
2007,KV,334,Atmospheric Sciences,47
2008,KV,334,Atmospheric Sciences,86
2009,KV,334,Atmospheric Sciences,116
2010,KV,334,Atmospheric Sciences,128
2011,KV,334,Atmospheric Sciences,127
2012,KV,334,Atmospheric Sciences,117
2013,KV,334,Atmospheric Sciences,116
2014,KV,334,Atmospheric Sciences,121
2015,KV,334,Atmospheric Sciences,111
2005,KY,1053,Audiology,4
2006,KY,1053,Audiology,7
2007,KY,1053,Audiology,11
2008,KY,1053,Audiology,19
2009,KY,1053,Audiology,19
2010,KY,1053,Audiology,21
2011,KY,1053,Audiology,18
2012,KY,1053,Audiology,16
2013,KY,1053,Audiology,19
2014,KY,1053,Audiology,25
2015,KY,1053,Audiology,28
2005,LE,489,Aviation Human Factors,183
2006,LE,489,Aviation Human Factors,164
2007,LE,489,Aviation Human Factors,163
2008,LE,489,Aviation Human Factors,140
2009,LE,489,Aviation Human Factors,128
2010,LE,489,Aviation Human Factors,101
2011,LE,489,Aviation Human Factors,70
2012,LE,489,Aviation Human Factors,39
2013,LE,489,Aviation Human Factors,28
2014,LE,489,Aviation Human Factors,3
2005,KV,318,Biochemistry,377
2006,KV,318,Biochemistry,317
2007,KV,318,Biochemistry,260
2008,KV,318,Biochemistry,204
2009,KV,318,Biochemistry,202
2010,KV,318,Biochemistry,204
2011,KV,318,Biochemistry,208
2012,KV,318,Biochemistry,224
2013,KV,318,Biochemistry,225
2014,KV,318,Biochemistry,219
2015,KV,318,Biochemistry,234
2009,KL,5186,Bioenergy,6
2010,KL,5186,Bioenergy,12
2011,KL,5186,Bioenergy,12
2012,KL,5186,Bioenergy,9
2013,KL,5186,Bioenergy,10
2014,KL,5186,Bioenergy,17
2015,KL,5186,Bioenergy,19
2005,KV,408,Bioengineering,61
2005,KP,408,Bioengineering,61
2006,KP,408,Bioengineering,101
2007,KP,408,Bioengineering,137
2007,KV,408,Bioengineering,137
2008,KP,408,Bioengineering,173
2009,KV,408,Bioengineering,179
2009,KP,408,Bioengineering,179
2010,KP,408,Bioengineering,200
2011,KP,408,Bioengineering,231
2012,KP,408,Bioengineering,259
2013,KP,408,Bioengineering,276
2014,KP,408,Bioengineering,320
2015,KP,408,Bioengineering,318
2006,KP,4026,Bioinformatics,4
2007,KP,4026,Bioinformatics,4
2008,LP,4026,Bioinformatics,7
2008,KL,4026,Bioinformatics,7
2009,LP,4026,Bioinformatics,10
2009,KP,4026,Bioinformatics,10
2009,KL,4026,Bioinformatics,10
2010,LP,4026,Bioinformatics,16
2010,KL,4026,Bioinformatics,16
2010,KV,4026,Bioinformatics,16
2010,KP,4026,Bioinformatics,16
2011,KP,4026,Bioinformatics,15
2011,KL,4026,Bioinformatics,15
2011,LP,4026,Bioinformatics,15
2012,KP,4026,Bioinformatics,11
2012,KL,4026,Bioinformatics,11
2012,LP,4026,Bioinformatics,11
2013,KP,4026,Bioinformatics,9
2013,LP,4026,Bioinformatics,9
2013,KL,4026,Bioinformatics,9
2014,KP,4026,Bioinformatics,8
2014,LP,4026,Bioinformatics,8
2014,KL,4026,Bioinformatics,8
2015,KL,4026,Bioinformatics,10
2015,KP,4026,Bioinformatics,10
2015,LP,4026,Bioinformatics,10
2015,KP,5398,Bioinstrumentation,12
2005,KV,314,Biology,1069
2006,KV,314,Biology,795
2007,KV,314,Biology,908
2008,KV,314,Biology,876
2009,KV,314,Biology,811
2010,KV,314,Biology,784
2011,KV,314,Biology,816
2012,KV,314,Biology,697
2013,KV,314,Biology,619
2014,KV,314,Biology,707
2015,KV,314,Biology,730
2005,KV,319,Biophysics & Computnl Biology,68
2006,KV,319,Biophysics & Computnl Biology,59
2007,KV,319,Biophysics & Computnl Biology,67
2008,KV,319,Biophysics & Computnl Biology,75
2009,KV,319,Biophysics & Computnl Biology,70
2010,KV,319,Biophysics & Computnl Biology,65
2011,KV,319,Biophysics & Computnl Biology,70
2012,KV,319,Biophysics & Computnl Biology,67
2013,KV,319,Biophysics & Computnl Biology,54
2014,KV,319,Biophysics & Computnl Biology,54
2015,KV,319,Biophysics & Computnl Biology,46
2015,KV,5414,Biophysics & Quant Biology,8
2005,KT,381,Broadcast Journalism,79
2006,KT,381,Broadcast Journalism,84
2007,KT,381,Broadcast Journalism,75
2008,KT,381,Broadcast Journalism,138
2009,KT,381,Broadcast Journalism,154
2010,KT,381,Broadcast Journalism,136
2011,KT,381,Broadcast Journalism,157
2012,KT,381,Broadcast Journalism,149
2013,KT,381,Broadcast Journalism,179
2014,KT,381,Broadcast Journalism,144
2015,KT,381,Broadcast Journalism,100
2005,KM,79,Business Administration,952
2006,KM,79,Business Administration,754
2007,KM,79,Business Administration,509
2008,KM,79,Business Administration,254
2009,KM,79,Business Administration,110
2010,KM,79,Business Administration,58
2011,KM,79,Business Administration,44
2012,KM,79,Business Administration,47
2013,KM,79,Business Administration,69
2014,KM,79,Business Administration,88
2015,KM,79,Business Administration,89
2005,KM,9875,Business Administration (MBA),238
2006,KM,9875,Business Administration (MBA),329
2007,KM,9875,Business Administration (MBA),371
2008,KM,9875,Business Administration (MBA),355
2009,KM,9875,Business Administration (MBA),345
2010,KM,9875,Business Administration (MBA),319
2011,KM,9875,Business Administration (MBA),344
2012,KM,9875,Business Administration (MBA),401
2013,KM,9875,Business Administration (MBA),352
2014,KM,9875,Business Administration (MBA),311
2015,KM,9875,Business Administration (MBA),288
2007,KM,5072,Business Process Management,2
2008,KM,5072,Business Process Management,6
2009,KM,5072,Business Process Management,18
2010,KM,5072,Business Process Management,23
2011,KM,5072,Business Process Management,31
2012,KM,5072,Business Process Management,32
2013,KM,5072,Business Process Management,35
2014,KM,5072,Business Process Management,29
2015,KM,5072,Business Process Management,36
2008,KV,4094,Cell and Developmental Biology,46
2009,KV,4094,Cell and Developmental Biology,44
2010,KV,4094,Cell and Developmental Biology,42
2011,KV,4094,Cell and Developmental Biology,38
2012,KV,4094,Cell and Developmental Biology,39
2013,KV,4094,Cell and Developmental Biology,43
2014,KV,4094,Cell and Developmental Biology,52
2015,KV,4094,Cell and Developmental Biology,45
2005,KV,321,Cell and Structural Biology,74
2006,KV,321,Cell and Structural Biology,68
2007,KV,321,Cell and Structural Biology,65
2008,KV,321,Cell and Structural Biology,4
2009,KV,321,Cell and Structural Biology,3
2010,KV,321,Cell and Structural Biology,3
2011,KV,321,Cell and Structural Biology,2
2005,KV,300,Chemical Engineering,394
2006,KV,300,Chemical Engineering,425
2007,KV,300,Chemical Engineering,472
2008,KV,300,Chemical Engineering,523
2009,KV,300,Chemical Engineering,574
2010,KV,300,Chemical Engineering,621
2011,KV,300,Chemical Engineering,644
2012,KV,300,Chemical Engineering,656
2013,KV,300,Chemical Engineering,768
2014,KV,300,Chemical Engineering,790
2015,KV,300,Chemical Engineering,768
2005,KV,337,Chemical Physics,10
2006,KV,337,Chemical Physics,11
2007,KV,337,Chemical Physics,12
2008,KV,337,Chemical Physics,13
2009,KV,337,Chemical Physics,11
2010,KV,337,Chemical Physics,9
2011,KV,337,Chemical Physics,10
2012,KV,337,Chemical Physics,9
2013,KV,337,Chemical Physics,9
2014,KV,337,Chemical Physics,8
2015,KV,337,Chemical Physics,7
2005,KV,335,Chemistry,760
2006,KV,335,Chemistry,846
2007,KV,335,Chemistry,741
2008,KV,335,Chemistry,723
2009,KV,335,Chemistry,743
2010,KV,335,Chemistry,730
2011,KV,335,Chemistry,753
2012,KV,335,Chemistry,803
2013,KV,335,Chemistry,800
2014,KV,335,Chemistry,845
2015,KV,335,Chemistry,881
2005,KP,106,Civil Engineering,795
2006,KP,106,Civil Engineering,793
2007,KP,106,Civil Engineering,830
2008,KP,106,Civil Engineering,955
2009,KP,106,Civil Engineering,1090
2010,KP,106,Civil Engineering,1169
2011,KP,106,Civil Engineering,1178
2012,KP,106,Civil Engineering,1241
2013,KP,106,Civil Engineering,1287
2014,KP,106,Civil Engineering,1294
2015,KP,106,Civil Engineering,1319
2005,KV,347,Classical Philology,7
2006,KV,347,Classical Philology,4
2007,KV,347,Classical Philology,5
2008,KV,347,Classical Philology,5
2009,KV,347,Classical Philology,9
2010,KV,347,Classical Philology,7
2011,KV,347,Classical Philology,8
2012,KV,347,Classical Philology,9
2013,KV,347,Classical Philology,8
2014,KV,347,Classical Philology,8
2015,KV,347,Classical Philology,10
2005,KV,308,Classics,34
2006,KV,308,Classics,38
2007,KV,308,Classics,37
2008,KV,308,Classics,37
2009,KV,308,Classics,36
2010,KV,308,Classics,38
2011,KV,308,Classics,26
2012,KV,308,Classics,25
2013,KV,308,Classics,25
2014,KV,308,Classics,22
2015,KV,308,Classics,16
2009,KV,5164,Communication,508
2010,KV,5164,Communication,844
2011,KV,5164,Communication,866
2012,KV,5164,Communication,873
2013,KV,5164,Communication,817
2014,KV,5164,Communication,831
2015,KV,5164,Communication,786
2005,KT,279,Communications,51
2006,KT,279,Communications,60
2007,KT,279,Communications,56
2008,KT,279,Communications,49
2009,KT,279,Communications,50
2010,KT,279,Communications,49
2011,KT,279,Communications,38
2012,KT,279,Communications,29
2013,KT,279,Communications,21
2014,KT,279,Communications,9
2015,KT,279,Communications,7
2010,KT,5202,Communications and Media,7
2011,KT,5202,Communications and Media,15
2012,KT,5202,Communications and Media,21
2013,KT,5202,Communications and Media,27
2014,KT,5202,Communications and Media,32
2015,KT,5202,Communications and Media,40
2005,KY,348,Community Health,12
2005,KY,349,Community Health,435
2006,KY,349,Community Health,492
2006,KY,348,Community Health,5
2007,KY,349,Community Health,531
2007,KY,348,Community Health,1
2008,KY,349,Community Health,612
2009,KY,349,Community Health,588
2010,KY,349,Community Health,551
2011,KY,349,Community Health,605
2012,KY,349,Community Health,674
2013,KY,349,Community Health,671
2014,KY,349,Community Health,644
2015,KY,349,Community Health,615
2005,KV,1120,Comparative Literature,64
2006,KV,1120,Comparative Literature,62
2007,KV,1120,Comparative Literature,56
2008,KV,1120,Comparative Literature,44
2009,KV,1120,Comparative Literature,44
2010,KV,1120,Comparative Literature,39
2011,KV,1120,Comparative Literature,32
2012,KV,1120,Comparative Literature,27
2013,KV,1120,Comparative Literature,25
2014,KV,1120,Comparative Literature,28
2015,KV,1120,Comparative Literature,22
2005,KP,109,Computer Engineering,563
2006,KP,109,Computer Engineering,477
2007,KP,109,Computer Engineering,434
2008,KP,109,Computer Engineering,446
2009,KP,109,Computer Engineering,469
2010,KP,109,Computer Engineering,524
2011,KP,109,Computer Engineering,608
2012,KP,109,Computer Engineering,697
2013,KP,109,Computer Engineering,791
2014,KP,109,Computer Engineering,905
2015,KP,109,Computer Engineering,1062
2014,KV,5348,Computer Sci & Anthropology,9
2015,KV,5348,Computer Sci & Anthropology,11
2014,KV,5349,Computer Sci & Astronomy,8
2015,KV,5349,Computer Sci & Astronomy,18
2013,KV,5350,Computer Sci & Chemistry,1
2014,KV,5350,Computer Sci & Chemistry,15
2015,KV,5350,Computer Sci & Chemistry,27
2014,KV,5351,Computer Sci & Linguistics,8
2015,KV,5351,Computer Sci & Linguistics,27
2005,KP,112,Computer Science,1064
2006,KP,112,Computer Science,987
2007,KP,112,Computer Science,956
2008,KP,112,Computer Science,980
2009,KP,112,Computer Science,1035
2010,KP,112,Computer Science,1169
2011,KP,112,Computer Science,1229
2012,KP,112,Computer Science,1386
2013,KP,112,Computer Science,1514
2014,KP,112,Computer Science,1596
2015,KP,112,Computer Science,1640
2005,KL,14,Consumer and Textile Marketing,54
2006,KL,14,Consumer and Textile Marketing,31
2007,KL,14,Consumer and Textile Marketing,9
2005,KR,149,Crafts,22
2006,KR,149,Crafts,23
2007,KR,149,Crafts,22
2008,KR,149,Crafts,20
2009,KR,149,Crafts,14
2010,KR,149,Crafts,14
2011,KR,149,Crafts,12
2012,KR,149,Crafts,14
2013,KR,149,Crafts,18
2014,KR,149,Crafts,16
2015,KR,149,Crafts,16
2005,KR,1136,Creative Writing,21
2005,KV,1136,Creative Writing,21
2006,KV,1136,Creative Writing,20
2007,KV,1136,Creative Writing,20
2008,KV,1136,Creative Writing,20
2009,KV,1136,Creative Writing,19
2010,KV,1136,Creative Writing,16
2011,KV,1136,Creative Writing,16
2012,KV,1136,Creative Writing,16
2013,KV,1136,Creative Writing,18
2013,KV,5347,Creative Writing,23
2014,KV,1136,Creative Writing,16
2014,KV,5347,Creative Writing,50
2015,KV,1136,Creative Writing,17
2015,KV,5347,Creative Writing,74
2005,KL,30,Crop Sciences,149
2006,KL,30,Crop Sciences,153
2007,KL,30,Crop Sciences,146
2008,KL,30,Crop Sciences,142
2009,KL,30,Crop Sciences,163
2010,KL,30,Crop Sciences,194
2011,KL,30,Crop Sciences,198
2012,KL,30,Crop Sciences,228
2013,KL,30,Crop Sciences,246
2014,KL,30,Crop Sciences,262
2015,KL,30,Crop Sciences,264
2005,KM,70,Curric Unassigned,363
2006,KM,70,Curric Unassigned,754
2007,KM,70,Curric Unassigned,1006
2008,KM,70,Curric Unassigned,1139
2009,KM,70,Curric Unassigned,1038
2010,KM,70,Curric Unassigned,1020
2011,KM,70,Curric Unassigned,1032
2012,KM,70,Curric Unassigned,924
2013,KM,70,Curric Unassigned,983
2014,KM,70,Curric Unassigned,975
2015,KM,70,Curric Unassigned,1026
2008,KN,1144,Curriculum and Instruction,36
2009,KN,1144,Curriculum and Instruction,70
2010,KN,1144,Curriculum and Instruction,89
2011,KN,1144,Curriculum and Instruction,121
2012,KN,1144,Curriculum and Instruction,113
2013,KN,1144,Curriculum and Instruction,113
2014,KN,1144,Curriculum and Instruction,112
2015,KN,1144,Curriculum and Instruction,116
2005,KR,261,Dance,66
2006,KR,261,Dance,69
2007,KR,261,Dance,78
2008,KR,261,Dance,82
2009,KR,261,Dance,82
2010,KR,261,Dance,79
2011,KR,261,Dance,69
2012,KR,261,Dance,54
2013,KR,261,Dance,66
2014,KR,261,Dance,70
2015,KR,261,Dance,70
2005,KV,285,E Asian Languages & Cultures,67
2006,KV,285,E Asian Languages & Cultures,90
2007,KV,285,E Asian Languages & Cultures,90
2008,KV,285,E Asian Languages & Cultures,96
2009,KV,285,E Asian Languages & Cultures,102
2010,KV,285,E Asian Languages & Cultures,112
2011,KV,285,E Asian Languages & Cultures,103
2012,KV,285,E Asian Languages & Cultures,93
2013,KV,285,E Asian Languages & Cultures,79
2014,KV,285,E Asian Languages & Cultures,83
2015,KV,285,E Asian Languages & Cultures,70
2005,KN,94,Early Childhood Education,60
2006,KN,4098,Early Childhood Education,1
2006,KN,94,Early Childhood Education,52
2007,KN,94,Early Childhood Education,60
2007,KN,4098,Early Childhood Education,1
2008,KN,5082,Early Childhood Education,1
2008,KN,94,Early Childhood Education,55
2009,KN,5082,Early Childhood Education,3
2009,KN,94,Early Childhood Education,39
2010,KN,94,Early Childhood Education,42
2010,KN,5082,Early Childhood Education,2
2011,KN,94,Early Childhood Education,38
2011,KN,5082,Early Childhood Education,1
2012,KN,5082,Early Childhood Education,1
2012,KN,94,Early Childhood Education,29
2013,KN,5082,Early Childhood Education,2
2013,KN,94,Early Childhood Education,22
2014,KN,94,Early Childhood Education,21
2014,KN,5082,Early Childhood Education,2
2015,KN,94,Early Childhood Education,60
2015,KN,5082,Early Childhood Education,2
2012,KV,5311,East Asian Studies,6
2013,KV,5311,East Asian Studies,11
2014,KV,5311,East Asian Studies,16
2015,KV,5311,East Asian Studies,18
2005,KV,74,Economics,877
2005,KM,74,Economics,877
2006,KM,74,Economics,966
2006,KV,74,Economics,966
2007,KM,74,Economics,929
2007,KV,74,Economics,929
2008,KV,74,Economics,836
2009,KV,74,Economics,843
2010,KV,74,Economics,906
2011,KV,74,Economics,928
2012,KV,74,Economics,968
2013,KV,74,Economics,1068
2014,KV,74,Economics,1127
2015,KV,74,Economics,1141
2005,KN,209,Ed Organization and Leadership,127
2006,KN,209,Ed Organization and Leadership,179
2007,KN,209,Ed Organization and Leadership,185
2008,KN,209,Ed Organization and Leadership,162
2009,KN,209,Ed Organization and Leadership,155
2010,KN,209,Ed Organization and Leadership,136
2011,KN,209,Ed Organization and Leadership,143
2012,KN,209,Ed Organization and Leadership,170
2013,KN,209,Ed Organization and Leadership,136
2014,KN,209,Ed Organization and Leadership,101
2015,KN,209,Ed Organization and Leadership,80
2005,KN,222,Educ Voc Tech,95
2006,KN,222,Educ Voc Tech,69
2012,KN,222,Educ Voc Tech,1
2013,KN,222,Educ Voc Tech,1
2005,KN,208,Education,6
2006,KN,208,Education,2
2012,KN,208,Education,1
2005,KN,92,Education General,285
2006,KN,92,Education General,91
2007,KN,92,Education General,1
2005,KN,220,Educational Policy Studies,135
2006,KN,220,Educational Policy Studies,129
2007,KN,220,Educational Policy Studies,130
2008,KN,220,Educational Policy Studies,138
2009,KN,220,Educational Policy Studies,149
2010,KN,220,Educational Policy Studies,149
2011,KN,220,Educational Policy Studies,135
2012,KN,220,Educational Policy Studies,161
2013,KN,220,Educational Policy Studies,164
2014,KN,220,Educational Policy Studies,155
2015,KN,220,Educational Policy Studies,126
2005,KN,210,Educational Psychology,124
2006,KN,210,Educational Psychology,132
2007,KN,210,Educational Psychology,118
2008,KN,210,Educational Psychology,105
2009,KN,210,Educational Psychology,98
2010,KN,210,Educational Psychology,93
2011,KN,210,Educational Psychology,79
2012,KN,210,Educational Psychology,71
2013,KN,210,Educational Psychology,70
2014,KN,210,Educational Psychology,62
2015,KN,210,Educational Psychology,51
2006,KP,1200,Electrical & Computer Engr,163
2007,KP,1200,Electrical & Computer Engr,521
2008,KP,1200,Electrical & Computer Engr,504
2009,KP,1200,Electrical & Computer Engr,513
2010,KP,1200,Electrical & Computer Engr,504
2011,KP,1200,Electrical & Computer Engr,476
2012,KP,1200,Electrical & Computer Engr,473
2013,KP,1200,Electrical & Computer Engr,494
2014,KP,1200,Electrical & Computer Engr,534
2015,KP,1200,Electrical & Computer Engr,503
2005,KP,115,Electrical Engineering,1406
2006,KP,115,Electrical Engineering,1195
2007,KP,115,Electrical Engineering,774
2008,KP,115,Electrical Engineering,804
2009,KP,115,Electrical Engineering,945
2010,KP,115,Electrical Engineering,1024
2011,KP,115,Electrical Engineering,1128
2012,KP,115,Electrical Engineering,1163
2013,KP,115,Electrical Engineering,1170
2014,KP,115,Electrical Engineering,1109
2015,KP,115,Electrical Engineering,1146
2005,KN,95,Elementary Education,408
2006,KN,95,Elementary Education,389
2007,KN,95,Elementary Education,367
2008,KN,95,Elementary Education,344
2009,KN,95,Elementary Education,311
2010,KN,95,Elementary Education,308
2011,KN,95,Elementary Education,306
2012,KN,95,Elementary Education,270
2013,KN,95,Elementary Education,212
2014,KN,95,Elementary Education,216
2015,KN,95,Elementary Education,378
2014,KP,1211,Engineering,4
2015,KP,1211,Engineering,20
2005,KP,118,Engineering Mechanics,78
2006,KP,118,Engineering Mechanics,62
2007,KP,118,Engineering Mechanics,49
2008,KP,118,Engineering Mechanics,75
2009,KP,118,Engineering Mechanics,106
2010,KP,118,Engineering Mechanics,135
2011,KP,118,Engineering Mechanics,142
2012,KP,118,Engineering Mechanics,122
2013,KP,118,Engineering Mechanics,97
2014,KP,118,Engineering Mechanics,93
2015,KP,118,Engineering Mechanics,112
2005,KP,121,Engineering Physics,101
2006,KP,121,Engineering Physics,124
2007,KP,121,Engineering Physics,134
2008,KP,121,Engineering Physics,131
2009,KP,121,Engineering Physics,139
2010,KP,121,Engineering Physics,143
2011,KP,121,Engineering Physics,152
2012,KP,121,Engineering Physics,177
2013,KP,121,Engineering Physics,197
2014,KP,121,Engineering Physics,231
2015,KP,121,Engineering Physics,248
2013,KP,5333,Engineering Undeclared,100
2014,KP,5333,Engineering Undeclared,118
2015,KP,5333,Engineering Undeclared,147
2012,KP,5198,Engineering Undesignated,1
2005,KV,311,English,1058
2006,KV,311,English,1071
2007,KV,311,English,1037
2008,KV,311,English,934
2009,KV,311,English,899
2010,KV,311,English,813
2011,KV,311,English,697
2012,KV,311,English,625
2013,KV,311,English,534
2014,KV,311,English,486
2015,KV,311,English,439
2005,KV,324,Entomology,33
2006,KV,324,Entomology,37
2007,KV,324,Entomology,32
2008,KV,324,Entomology,33
2009,KV,324,Entomology,34
2010,KV,324,Entomology,33
2011,KV,324,Entomology,35
2012,KV,324,Entomology,36
2013,KV,324,Entomology,44
2014,KV,324,Entomology,41
2015,KV,324,Entomology,42
2005,KP,231,Environ Engr in Civil Engr,61
2006,KP,231,Environ Engr in Civil Engr,58
2007,KP,231,Environ Engr in Civil Engr,63
2008,KP,231,Environ Engr in Civil Engr,75
2009,KP,231,Environ Engr in Civil Engr,80
2010,KP,231,Environ Engr in Civil Engr,84
2011,KP,231,Environ Engr in Civil Engr,96
2012,KP,231,Environ Engr in Civil Engr,91
2013,KP,231,Environ Engr in Civil Engr,110
2014,KP,231,Environ Engr in Civil Engr,118
2015,KP,231,Environ Engr in Civil Engr,100
2005,KP,232,Environ Science in Civil Engr,14
2006,KP,232,Environ Science in Civil Engr,16
2007,KP,232,Environ Science in Civil Engr,13
2008,KP,232,Environ Science in Civil Engr,10
2009,KP,232,Environ Science in Civil Engr,11
2010,KP,232,Environ Science in Civil Engr,9
2011,KP,232,Environ Science in Civil Engr,7
2012,KP,232,Environ Science in Civil Engr,7
2013,KP,232,Environ Science in Civil Engr,4
2014,KP,232,Environ Science in Civil Engr,1
2015,KP,232,Environ Science in Civil Engr,1
2010,KV,5203,European Union Studies,5
2011,KV,5203,European Union Studies,8
2012,KV,5203,European Union Studies,8
2013,KV,5203,European Union Studies,8
2014,KV,5203,European Union Studies,8
2015,KV,5203,European Union Studies,9
2005,KM,75,Finance,1058
2005,KV,75,Finance,1058
2006,KM,75,Finance,970
2006,KV,75,Finance,970
2007,KV,75,Finance,785
2007,KM,75,Finance,785
2008,KM,75,Finance,732
2008,KV,75,Finance,732
2009,KM,75,Finance,702
2009,KV,75,Finance,702
2010,KM,75,Finance,580
2010,KV,75,Finance,580
2011,KM,75,Finance,662
2012,KM,75,Finance,655
2013,KM,75,Finance,605
2014,KM,75,Finance,626
2015,KM,75,Finance,705
2010,KP,5244,Financial Engineering,26
2011,KP,5244,Financial Engineering,69
2012,KP,5244,Financial Engineering,100
2013,KP,5244,Financial Engineering,98
2014,KP,5244,Financial Engineering,109
2015,KP,5244,Financial Engineering,122
2005,KL,37,Food Science & Human Nutrition,440
2006,KL,37,Food Science & Human Nutrition,414
2007,KL,37,Food Science & Human Nutrition,413
2008,KL,37,Food Science & Human Nutrition,397
2009,KL,37,Food Science & Human Nutrition,443
2010,KL,37,Food Science & Human Nutrition,439
2011,KL,37,Food Science & Human Nutrition,493
2012,KL,37,Food Science & Human Nutrition,518
2013,KL,37,Food Science & Human Nutrition,529
2014,KL,37,Food Science & Human Nutrition,517
2015,KL,37,Food Science & Human Nutrition,493
2005,KL,23,Forestry,1
2005,KV,304,French,102
2006,KV,304,French,111
2007,KV,304,French,96
2008,KV,304,French,96
2009,KV,304,French,86
2010,KV,304,French,81
2011,KV,304,French,77
2012,KV,304,French,64
2013,KV,304,French,53
2014,KV,304,French,43
2015,KV,304,French,42
2009,KV,1279,Gender and Women's Studies,9
2010,KV,1279,Gender and Women's Studies,16
2011,KV,1279,Gender and Women's Studies,16
2012,KV,1279,Gender and Women's Studies,11
2013,KV,1279,Gender and Women's Studies,19
2014,KV,1279,Gender and Women's Studies,11
2015,KV,1279,Gender and Women's Studies,13
2005,KR,390,General Curriculum,3951
2005,KV,390,General Curriculum,3951
2006,KT,390,General Curriculum,3632
2006,KV,390,General Curriculum,3632
2006,KR,390,General Curriculum,3632
2007,KV,390,General Curriculum,3512
2007,KT,390,General Curriculum,3512
2008,KV,390,General Curriculum,1432
2008,KT,390,General Curriculum,1432
2009,KV,390,General Curriculum,267
2009,KT,390,General Curriculum,267
2010,KT,390,General Curriculum,118
2010,KV,390,General Curriculum,118
2011,KT,390,General Curriculum,27
2011,KV,390,General Curriculum,27
2012,KV,390,General Curriculum,42
2012,KT,390,General Curriculum,42
2013,KV,390,General Curriculum,163
2014,KV,390,General Curriculum,202
2015,KV,390,General Curriculum,155
2005,KP,124,General Engineering,624
2006,KP,124,General Engineering,580
2007,KP,124,General Engineering,595
2008,KP,124,General Engineering,542
2009,KP,124,General Engineering,454
2010,KP,124,General Engineering,426
2011,KP,124,General Engineering,384
2012,KP,124,General Engineering,368
2013,KP,124,General Engineering,320
2014,KP,124,General Engineering,271
2015,KP,124,General Engineering,230
2005,KV,341,Geography,82
2006,KV,341,Geography,83
2007,KV,341,Geography,96
2008,KV,341,Geography,87
2009,KV,341,Geography,69
2010,KV,341,Geography,70
2011,KV,341,Geography,63
2012,KV,341,Geography,58
2013,KV,341,Geography,42
2014,KV,341,Geography,39
2015,KV,341,Geography,39
2013,KV,5330,Geography & Geographic Info Sc,18
2014,KV,5330,Geography & Geographic Info Sc,29
2015,KV,5330,Geography & Geographic Info Sc,37
2005,KV,336,Geology,93
2006,KV,336,Geology,94
2007,KV,336,Geology,91
2008,KV,336,Geology,88
2009,KV,336,Geology,82
2010,KV,336,Geology,78
2011,KV,336,Geology,65
2012,KV,336,Geology,73
2013,KV,336,Geology,100
2014,KV,336,Geology,114
2015,KV,336,Geology,112
2005,KV,303,German,23
2006,KV,303,German,23
2007,KV,303,German,21
2008,KV,303,German,21
2009,KV,303,German,22
2010,KV,303,German,21
2011,KV,303,German,16
2012,KV,303,German,17
2013,KV,303,German,18
2014,KV,303,German,12
2015,KV,303,German,13
2005,KV,412,Germanic Lang & Lit,23
2006,KV,412,Germanic Lang & Lit,32
2007,KV,412,Germanic Lang & Lit,32
2008,KV,412,Germanic Lang & Lit,34
2009,KV,412,Germanic Lang & Lit,29
2010,KV,412,Germanic Lang & Lit,15
2011,KV,412,Germanic Lang & Lit,14
2012,KV,412,Germanic Lang & Lit,16
2013,KV,412,Germanic Lang & Lit,13
2014,KV,412,Germanic Lang & Lit,10
2015,KV,412,Germanic Lang & Lit,10
2009,KV,5206,Global Studies,93
2010,KV,5206,Global Studies,205
2011,KV,5206,Global Studies,263
2012,KV,5206,Global Studies,268
2013,KV,5206,Global Studies,235
2014,KV,5206,Global Studies,218
2015,KV,5206,Global Studies,202
2005,KR,148,Graphic Design,75
2006,KR,148,Graphic Design,75
2007,KR,148,Graphic Design,78
2008,KR,148,Graphic Design,71
2009,KR,148,Graphic Design,64
2010,KR,148,Graphic Design,67
2011,KR,148,Graphic Design,70
2012,KR,148,Graphic Design,76
2013,KR,148,Graphic Design,77
2014,KR,148,Graphic Design,81
2015,KR,148,Graphic Design,94
2009,KY,5204,Health,19
2010,KY,5204,Health,79
2011,KY,5204,Health,139
2012,KY,5204,Health,153
2013,KY,5204,Health,205
2014,KY,5204,Health,27
2015,KY,5204,Health,4
2011,KV,5285,Health Communication,1
2005,KV,342,History,693
2006,KV,342,History,683
2007,KV,342,History,711
2008,KV,342,History,658
2009,KV,342,History,626
2010,KV,342,History,599
2011,KV,342,History,529
2012,KV,342,History,468
2013,KV,342,History,380
2014,KV,342,History,327
2015,KV,342,History,301
2005,KR,150,History of Art,52
2005,KV,150,History of Art,52
2006,KV,150,History of Art,48
2006,KR,150,History of Art,48
2007,KV,150,History of Art,42
2007,KR,150,History of Art,42
2008,KR,150,History of Art,57
2008,KV,150,History of Art,57
2009,KV,150,History of Art,49
2009,KR,150,History of Art,49
2010,KR,150,History of Art,44
2010,KV,150,History of Art,44
2011,KR,150,History of Art,43
2011,KV,150,History of Art,43
2012,KV,150,History of Art,34
2012,KR,150,History of Art,34
2013,KR,150,History of Art,38
2013,KV,150,History of Art,38
2014,KV,150,History of Art,25
2014,KR,150,History of Art,25
2015,KR,150,History of Art,23
2015,KV,150,History of Art,23
2005,KL,63,Horticulture,72
2006,KL,63,Horticulture,72
2007,KL,63,Horticulture,62
2008,KL,63,Horticulture,57
2009,KL,63,Horticulture,51
2010,KL,63,Horticulture,43
2011,KL,63,Horticulture,33
2012,KL,63,Horticulture,34
2013,KL,63,Horticulture,25
2014,KL,63,Horticulture,31
2015,KL,63,Horticulture,24
2005,KL,183,Human & Community Development,31
2006,KL,183,Human & Community Development,28
2007,KL,183,Human & Community Development,27
2008,KL,183,Human & Community Development,28
2009,KL,183,Human & Community Development,30
2010,KL,183,Human & Community Development,33
2011,KL,183,Human & Community Development,28
2012,KL,183,Human & Community Development,25
2013,KL,183,Human & Community Development,22
2014,KL,183,Human & Community Development,26
2015,KL,183,Human & Community Development,32
2005,KL,48,Human Development & Family St,216
2006,KL,48,Human Development & Family St,222
2007,KL,48,Human Development & Family St,192
2008,KL,48,Human Development & Family St,211
2009,KL,48,Human Development & Family St,208
2010,KL,48,Human Development & Family St,213
2011,KL,48,Human Development & Family St,218
2012,KL,48,Human Development & Family St,225
2013,KL,48,Human Development & Family St,228
2014,KL,48,Human Development & Family St,187
2015,KL,48,Human Development & Family St,198
2005,LE,3530,Human Factors,6
2006,LE,3530,Human Factors,8
2007,LE,3530,Human Factors,10
2008,LE,3530,Human Factors,12
2009,LE,3530,Human Factors,11
2010,LE,3530,Human Factors,6
2011,LE,3530,Human Factors,1
2005,LG,364,Human Res & Industrial Rels,141
2006,LG,364,Human Res & Industrial Rels,170
2007,LG,364,Human Res & Industrial Rels,177
2008,LG,364,Human Res & Industrial Rels,188
2009,LG,364,Human Res & Industrial Rels,191
2010,LG,364,Human Res & Industrial Rels,178
2011,LG,364,Human Res & Industrial Rels,191
2012,LG,364,Human Res & Industrial Rels,195
2013,LG,364,Human Res & Industrial Rels,195
2014,LG,364,Human Res & Industrial Rels,208
2015,LG,364,Human Res & Industrial Rels,186
2006,KN,4096,Human Resource Education,22
2007,KN,4096,Human Resource Education,82
2008,KN,4096,Human Resource Education,79
2009,KN,4096,Human Resource Education,78
2010,KN,4096,Human Resource Education,89
2011,KN,4096,Human Resource Education,74
2012,KN,4096,Human Resource Education,56
2013,KN,4096,Human Resource Education,61
2014,KN,4096,Human Resource Education,55
2015,KN,4096,Human Resource Education,37
2005,KV,422,Humanities,7
2006,KV,422,Humanities,8
2007,KV,422,Humanities,3
2005,KV,463,Individual Plans of Study,5
2006,KV,463,Individual Plans of Study,9
2007,KV,463,Individual Plans of Study,6
2008,KV,463,Individual Plans of Study,7
2009,KV,463,Individual Plans of Study,9
2010,KV,463,Individual Plans of Study,8
2011,KV,463,Individual Plans of Study,5
2012,KV,463,Individual Plans of Study,4
2013,KV,463,Individual Plans of Study,6
2014,KV,463,Individual Plans of Study,7
2015,KV,463,Individual Plans of Study,7
2005,KR,152,Industrial Design,98
2006,KR,152,Industrial Design,100
2007,KR,152,Industrial Design,102
2008,KR,152,Industrial Design,107
2009,KR,152,Industrial Design,117
2010,KR,152,Industrial Design,112
2011,KR,152,Industrial Design,117
2012,KR,152,Industrial Design,110
2013,KR,152,Industrial Design,108
2014,KR,152,Industrial Design,113
2015,KR,152,Industrial Design,132
2005,KP,127,Industrial Engineering,81
2006,KP,127,Industrial Engineering,81
2007,KP,127,Industrial Engineering,87
2008,KP,127,Industrial Engineering,125
2009,KP,127,Industrial Engineering,159
2010,KP,127,Industrial Engineering,201
2011,KP,127,Industrial Engineering,226
2012,KP,127,Industrial Engineering,268
2013,KP,127,Industrial Engineering,296
2014,KP,127,Industrial Engineering,341
2015,KP,127,Industrial Engineering,337
2011,LM,5094,Informatics,2
2012,LM,5094,Informatics,14
2013,KS,5094,Informatics,18
2014,KS,5094,Informatics,27
2015,KS,5094,Informatics,30
2008,KM,5070,Information Sys & Info Tech,25
2009,KM,5070,Information Sys & Info Tech,37
2010,KM,5070,Information Sys & Info Tech,32
2011,KM,5070,Information Sys & Info Tech,35
2012,KM,5070,Information Sys & Info Tech,34
2013,KM,5070,Information Sys & Info Tech,48
2014,KM,5070,Information Sys & Info Tech,51
2015,KM,5070,Information Sys & Info Tech,47
2005,KR,158,Instrumental Music,122
2006,KR,158,Instrumental Music,136
2007,KR,158,Instrumental Music,118
2008,KR,158,Instrumental Music,102
2009,KR,158,Instrumental Music,94
2010,KR,158,Instrumental Music,82
2011,KR,158,Instrumental Music,89
2012,KR,158,Instrumental Music,75
2013,KR,158,Instrumental Music,77
2014,KR,158,Instrumental Music,71
2015,KR,158,Instrumental Music,76
2005,KV,438,Integrative Biology,251
2006,KV,438,Integrative Biology,301
2007,KV,438,Integrative Biology,292
2008,KV,438,Integrative Biology,322
2009,KV,438,Integrative Biology,329
2010,KV,438,Integrative Biology,361
2011,KV,438,Integrative Biology,439
2012,KV,438,Integrative Biology,443
2013,KV,438,Integrative Biology,428
2014,KV,438,Integrative Biology,408
2015,KV,438,Integrative Biology,402
2005,KV,3865,Interdisciplinary,38
2006,KV,3865,Interdisciplinary,39
2007,KV,3865,Interdisciplinary,49
2008,KV,3865,Interdisciplinary,65
2009,KV,3865,Interdisciplinary,45
2010,KV,3865,Interdisciplinary,16
2011,KV,3865,Interdisciplinary,10
2012,KV,3865,Interdisciplinary,4
2013,KV,3865,Interdisciplinary,3
2014,KV,3865,Interdisciplinary,4
2015,KV,3865,Interdisciplinary,4
2014,KY,5460,Interdisciplinary Health Sci,202
2015,KY,5460,Interdisciplinary Health Sci,200
2005,KV,401,International Studies,317
2006,KV,401,International Studies,356
2007,KV,401,International Studies,369
2008,KV,401,International Studies,402
2009,KV,401,International Studies,316
2010,KV,401,International Studies,132
2011,KV,401,International Studies,47
2012,KV,401,International Studies,6
2013,KV,401,International Studies,1
2005,KV,305,Italian,10
2006,KV,305,Italian,12
2007,KV,305,Italian,11
2008,KV,305,Italian,14
2009,KV,305,Italian,14
2010,KV,305,Italian,7
2011,KV,305,Italian,6
2012,KV,305,Italian,7
2013,KV,305,Italian,7
2014,KV,305,Italian,5
2015,KV,305,Italian,9
2007,KR,5045,Jazz Performance,21
2008,KR,5045,Jazz Performance,38
2009,KR,5045,Jazz Performance,41
2010,KR,5045,Jazz Performance,33
2011,KR,5045,Jazz Performance,27
2012,KR,5045,Jazz Performance,22
2013,KR,5045,Jazz Performance,22
2014,KR,5045,Jazz Performance,27
2015,KR,5045,Jazz Performance,31
2005,KT,278,Journalism,31
2006,KT,278,Journalism,26
2007,KT,278,Journalism,26
2008,KT,278,Journalism,26
2009,KT,278,Journalism,25
2010,KT,278,Journalism,20
2011,KT,278,Journalism,13
2012,KT,278,Journalism,11
2013,KT,278,Journalism,13
2014,KT,278,Journalism,90
2015,KT,278,Journalism,141
2005,KY,351,Kinesiology,658
2006,KY,351,Kinesiology,677
2007,KY,351,Kinesiology,655
2008,KY,351,Kinesiology,672
2009,KY,351,Kinesiology,656
2010,KY,351,Kinesiology,652
2011,KY,351,Kinesiology,648
2012,KY,351,Kinesiology,633
2013,KY,351,Kinesiology,612
2014,KY,351,Kinesiology,635
2015,KY,351,Kinesiology,621
2010,KV,5246,LAS - Undeclared,95
2011,KV,5246,LAS - Undeclared,177
2012,KV,5246,LAS - Undeclared,178
2013,KV,5246,LAS - Undeclared,154
2014,KV,5246,LAS - Undeclared,165
2015,KV,5246,LAS - Undeclared,135
2005,KR,156,Landscape Architecture,158
2006,KR,156,Landscape Architecture,151
2007,KR,156,Landscape Architecture,147
2008,KR,156,Landscape Architecture,155
2009,KR,156,Landscape Architecture,139
2010,KR,156,Landscape Architecture,127
2011,KR,156,Landscape Architecture,118
2012,KR,156,Landscape Architecture,113
2013,KR,156,Landscape Architecture,97
2014,KR,156,Landscape Architecture,120
2015,KR,156,Landscape Architecture,127
2005,KV,286,Latin American Studies,14
2006,KV,286,Latin American Studies,10
2007,KV,286,Latin American Studies,14
2008,KV,286,Latin American Studies,15
2009,KV,286,Latin American Studies,17
2010,KV,286,Latin American Studies,11
2011,KV,286,Latin American Studies,12
2012,KV,286,Latin American Studies,11
2013,KV,286,Latin American Studies,12
2014,KV,286,Latin American Studies,9
2015,KV,286,Latin American Studies,3
2011,KV,5167,Latina/Latino Studies,8
2012,KV,5167,Latina/Latino Studies,6
2013,KV,5167,Latina/Latino Studies,5
2014,KV,5167,Latina/Latino Studies,5
2015,KV,5167,Latina/Latino Studies,4
2005,KU,385,Law,626
2005,KU,281,Law,42
2006,KU,281,Law,36
2006,KU,385,Law,632
2007,KU,385,Law,582
2007,KU,281,Law,53
2008,KU,281,Law,43
2008,KU,385,Law,581
2009,KU,385,Law,616
2009,KU,281,Law,91
2010,KU,281,Law,100
2010,KU,385,Law,635
2011,KU,385,Law,630
2011,KU,281,Law,99
2012,KU,385,Law,616
2012,KU,281,Law,136
2013,KU,385,Law,537
2013,KU,281,Law,133
2014,KU,281,Law,65
2014,KU,385,Law,517
2015,KU,281,Law,83
2015,KU,385,Law,495
2015,KU,5223,Law,2
2015,KN,5391,Learning and Education Studies,27
2005,KY,353,Leisure Studies,420
2006,KY,353,Leisure Studies,149
2007,KY,353,Leisure Studies,17
2008,KY,353,Leisure Studies,6
2009,KY,353,Leisure Studies,3
2005,LP,370,Library & Information Science,247
2006,LP,370,Library & Information Science,266
2007,LP,370,Library & Information Science,250
2008,LP,370,Library & Information Science,286
2009,LP,370,Library & Information Science,297
2010,LP,370,Library & Information Science,327
2011,LP,370,Library & Information Science,317
2012,LP,370,Library & Information Science,313
2013,LP,370,Library & Information Science,291
2014,LP,370,Library & Information Science,281
2015,LP,370,Library & Information Science,268
2005,KV,301,Linguistics,103
2006,KV,301,Linguistics,124
2007,KV,301,Linguistics,139
2008,KV,301,Linguistics,124
2009,KV,301,Linguistics,109
2010,KV,301,Linguistics,101
2011,KV,301,Linguistics,103
2012,KV,301,Linguistics,105
2013,KV,301,Linguistics,104
2014,KV,301,Linguistics,111
2015,KV,301,Linguistics,114
Fall,College,Major Code,Major Name,Added total
2007,KM,5073,Management,1
2008,KM,5073,Management,84
2009,KM,5073,Management,164
2010,KM,5073,Management,181
2011,KM,5073,Management,150
2012,KM,5073,Management,111
2013,KM,5073,Management,109
2014,KM,5073,Management,103
2015,KM,5073,Management,100
2007,KM,1432,Marketing,3
2008,KM,1432,Marketing,102
2009,KM,1432,Marketing,151
2010,KM,1432,Marketing,201
2011,KM,1432,Marketing,205
2012,KM,1432,Marketing,198
2013,KM,1432,Marketing,207
2014,KM,1432,Marketing,221
2015,KM,1432,Marketing,221
2005,KP,130,Materials Science & Engr,383
2006,KP,130,Materials Science & Engr,403
2007,KP,130,Materials Science & Engr,398
2008,KP,130,Materials Science & Engr,439
2009,KP,130,Materials Science & Engr,463
2010,KP,130,Materials Science & Engr,466
2011,KP,130,Materials Science & Engr,547
2012,KP,130,Materials Science & Engr,571
2013,KP,130,Materials Science & Engr,602
2014,KP,130,Materials Science & Engr,600
2015,KP,130,Materials Science & Engr,586
2005,KV,1438,Math & Computer Science,128
2006,KV,1438,Math & Computer Science,120
2007,KV,1438,Math & Computer Science,106
2008,KV,1438,Math & Computer Science,92
2009,KV,1438,Math & Computer Science,79
2010,KV,1438,Math & Computer Science,82
2011,KV,1438,Math & Computer Science,72
2012,KV,1438,Math & Computer Science,86
2013,KV,1438,Math & Computer Science,161
2014,KV,1438,Math & Computer Science,210
2015,KV,1438,Math & Computer Science,263
2005,KV,439,Mathematics,613
2006,KV,439,Mathematics,590
2007,KV,439,Mathematics,551
2008,KV,439,Mathematics,558
2009,KV,439,Mathematics,567
2010,KV,439,Mathematics,593
2011,KV,439,Mathematics,644
2012,KV,439,Mathematics,613
2013,KV,439,Mathematics,697
2014,KV,439,Mathematics,699
2015,KV,439,Mathematics,759
2005,KP,133,Mechanical Engineering,1055
2006,KP,133,Mechanical Engineering,1079
2007,KP,133,Mechanical Engineering,1090
2008,KP,133,Mechanical Engineering,1099
2009,KP,133,Mechanical Engineering,1052
2010,KP,133,Mechanical Engineering,1092
2011,KP,133,Mechanical Engineering,1055
2012,KP,133,Mechanical Engineering,1110
2013,KP,133,Mechanical Engineering,1197
2014,KP,133,Mechanical Engineering,1231
2015,KP,133,Mechanical Engineering,1251
2005,KT,382,Media Studies,122
2006,KT,382,Media Studies,128
2007,KT,382,Media Studies,95
2008,KT,382,Media Studies,102
2009,KT,382,Media Studies,110
2010,KT,382,Media Studies,59
2011,KT,382,Media Studies,12
2012,KT,382,Media Studies,2
2013,KT,382,Media Studies,1
2009,KT,5201,Media and Cinema Studies,1
2010,KT,5201,Media and Cinema Studies,62
2011,KT,5201,Media and Cinema Studies,118
2012,KT,5201,Media and Cinema Studies,114
2013,KT,5201,Media and Cinema Studies,92
2014,KT,5201,Media and Cinema Studies,98
2015,KT,5201,Media and Cinema Studies,87
2005,KV,322,Microbiology,86
2006,KV,322,Microbiology,75
2007,KV,322,Microbiology,71
2008,KV,322,Microbiology,72
2009,KV,322,Microbiology,68
2010,KV,322,Microbiology,67
2011,KV,322,Microbiology,60
2012,KV,322,Microbiology,59
2013,KV,322,Microbiology,52
2014,KV,322,Microbiology,54
2015,KV,322,Microbiology,55
2005,KV,325,Molecular & Integrative Physi,37
2006,KV,325,Molecular & Integrative Physi,35
2007,KV,325,Molecular & Integrative Physi,37
2008,KV,325,Molecular & Integrative Physi,31
2009,KV,325,Molecular & Integrative Physi,31
2010,KV,325,Molecular & Integrative Physi,36
2011,KV,325,Molecular & Integrative Physi,31
2012,KV,325,Molecular & Integrative Physi,16
2013,KV,325,Molecular & Integrative Physi,19
2014,KV,325,Molecular & Integrative Physi,22
2015,KV,325,Molecular & Integrative Physi,25
2005,KV,433,Molecular and Cellular Biology,794
2006,KV,433,Molecular and Cellular Biology,943
2007,KV,433,Molecular and Cellular Biology,916
2008,KV,433,Molecular and Cellular Biology,1009
2009,KV,433,Molecular and Cellular Biology,1041
2010,KV,433,Molecular and Cellular Biology,1030
2011,KV,433,Molecular and Cellular Biology,1051
2012,KV,433,Molecular and Cellular Biology,1113
2013,KV,433,Molecular and Cellular Biology,1175
2014,KV,433,Molecular and Cellular Biology,1095
2015,KV,433,Molecular and Cellular Biology,1041
2005,KV,3854,Molecular&Cell Bio-undeclared,18
2006,KV,3854,Molecular&Cell Bio-undeclared,45
2007,KV,3854,Molecular&Cell Bio-undeclared,24
2008,KV,3854,Molecular&Cell Bio-undeclared,31
2009,KV,3854,Molecular&Cell Bio-undeclared,61
2010,KV,3854,Molecular&Cell Bio-undeclared,36
2011,KV,3854,Molecular&Cell Bio-undeclared,38
2012,KV,3854,Molecular&Cell Bio-undeclared,33
2013,KV,3854,Molecular&Cell Bio-undeclared,57
2014,KV,3854,Molecular&Cell Bio-undeclared,22
2015,KV,3854,Molecular&Cell Bio-undeclared,34
2005,KV,265,Music,294
2005,KR,265,Music,294
2006,KV,265,Music,325
2006,KR,265,Music,325
2007,KR,265,Music,337
2007,KV,265,Music,337
2008,KR,265,Music,348
2009,KR,265,Music,345
2010,KR,265,Music,357
2011,KR,265,Music,346
2012,KR,265,Music,329
2013,KR,265,Music,346
2014,KR,265,Music,342
2015,KR,265,Music,341
2005,KR,159,Music Composition,9
2006,KR,159,Music Composition,12
2007,KR,159,Music Composition,8
2008,KR,159,Music Composition,9
2009,KR,159,Music Composition,11
2010,KR,159,Music Composition,12
2011,KR,159,Music Composition,9
2012,KR,159,Music Composition,5
2013,KR,159,Music Composition,9
2014,KR,159,Music Composition,8
2015,KR,159,Music Composition,8
2005,KR,168,Music Education,227
2006,KR,168,Music Education,253
2007,KR,168,Music Education,250
2008,KR,168,Music Education,267
2009,KR,168,Music Education,243
2010,KR,168,Music Education,210
2011,KR,168,Music Education,189
2012,KR,168,Music Education,166
2013,KR,168,Music Education,180
2014,KR,168,Music Education,175
2015,KR,168,Music Education,180
2005,KR,160,Music History,1
2006,KR,160,Music History,2
2007,KR,160,Music History,2
2008,KR,160,Music History,2
2009,KR,160,Music History,7
2010,KR,160,Music History,8
2011,KR,160,Music History,5
2012,KR,160,Music History,3
2013,KR,160,Music History,2
2014,KR,160,Music History,3
2005,KR,1481,Musicology,10
2006,KR,1481,Musicology,9
2007,KR,1481,Musicology,20
2008,KR,1481,Musicology,19
2009,KR,1481,Musicology,18
2010,KR,1481,Musicology,14
2011,KR,1481,Musicology,19
2012,KR,1481,Musicology,19
2013,KR,1481,Musicology,22
2014,KR,1481,Musicology,15
2015,KR,1481,Musicology,22
2005,KL,190,Natural Res & Env Sciences,94
2006,KL,190,Natural Res & Env Sciences,99
2007,KL,190,Natural Res & Env Sciences,91
2008,KL,190,Natural Res & Env Sciences,91
2009,KL,190,Natural Res & Env Sciences,88
2010,KL,190,Natural Res & Env Sciences,70
2011,KL,190,Natural Res & Env Sciences,78
2012,KL,190,Natural Res & Env Sciences,80
2013,KL,190,Natural Res & Env Sciences,79
2014,KL,190,Natural Res & Env Sciences,84
2015,KL,190,Natural Res & Env Sciences,83
2005,KL,51,Natural Resrcs & Environ Sci,196
2006,KL,51,Natural Resrcs & Environ Sci,211
2007,KL,51,Natural Resrcs & Environ Sci,197
2008,KL,51,Natural Resrcs & Environ Sci,177
2009,KL,51,Natural Resrcs & Environ Sci,195
2010,KL,51,Natural Resrcs & Environ Sci,187
2011,KL,51,Natural Resrcs & Environ Sci,235
2012,KL,51,Natural Resrcs & Environ Sci,241
2013,KL,51,Natural Resrcs & Environ Sci,239
2014,KL,51,Natural Resrcs & Environ Sci,232
2015,KL,51,Natural Resrcs & Environ Sci,235
2005,KV,323,Neuroscience,59
2006,KV,323,Neuroscience,58
2007,KV,323,Neuroscience,52
2008,KV,323,Neuroscience,54
2009,KV,323,Neuroscience,50
2010,KV,323,Neuroscience,58
2011,KV,323,Neuroscience,60
2012,KV,323,Neuroscience,55
2013,KV,323,Neuroscience,48
2014,KV,323,Neuroscience,62
2015,KV,323,Neuroscience,67
2008,KR,5128,New Media,15
2009,KR,5128,New Media,22
2010,KR,5128,New Media,25
2011,KR,5128,New Media,24
2012,KR,5128,New Media,18
2013,KR,5128,New Media,20
2014,KR,5128,New Media,17
2015,KR,5128,New Media,17
2005,KT,380,News-Editorial,125
2006,KT,380,News-Editorial,144
2007,KT,380,News-Editorial,143
2008,KT,380,News-Editorial,219
2009,KT,380,News-Editorial,215
2010,KT,380,News-Editorial,181
2011,KT,380,News-Editorial,169
2012,KT,380,News-Editorial,168
2013,KT,380,News-Editorial,161
2014,KT,380,News-Editorial,120
2015,KT,380,News-Editorial,77
2005,KP,67,Nondegree,303
2005,KL,67,Nondegree,303
2005,KV,67,Nondegree,303
2005,LE,67,Nondegree,303
2005,KS,67,Nondegree,303
2005,KR,67,Nondegree,303
2005,KY,67,Nondegree,303
2005,KM,67,Nondegree,303
2005,KN,67,Nondegree,303
2005,KT,67,Nondegree,303
2006,KT,67,Nondegree,326
2006,KV,67,Nondegree,326
2006,KM,67,Nondegree,326
2006,LE,67,Nondegree,326
2006,KL,67,Nondegree,326
2006,NB,67,Nondegree,326
2006,KP,67,Nondegree,326
2006,KY,67,Nondegree,326
2006,KS,67,Nondegree,326
2006,KR,67,Nondegree,326
2007,KL,67,Nondegree,306
2007,KP,67,Nondegree,306
2007,KY,67,Nondegree,306
2007,KS,67,Nondegree,306
2007,KV,67,Nondegree,306
2007,KR,67,Nondegree,306
2007,KT,67,Nondegree,306
2007,KM,67,Nondegree,306
2007,KN,67,Nondegree,306
2008,KS,67,Nondegree,376
2008,KL,67,Nondegree,376
2008,KP,67,Nondegree,376
2008,KT,67,Nondegree,376
2008,KR,67,Nondegree,376
2008,KV,67,Nondegree,376
2008,KM,67,Nondegree,376
2008,LE,67,Nondegree,376
2009,LE,67,Nondegree,491
2009,KL,67,Nondegree,491
2009,KT,67,Nondegree,491
2009,KR,67,Nondegree,491
2009,KN,67,Nondegree,491
2009,KY,67,Nondegree,491
2009,KM,67,Nondegree,491
2009,KS,67,Nondegree,491
2009,KV,67,Nondegree,491
2009,KP,67,Nondegree,491
2010,KT,67,Nondegree,565
2010,KV,67,Nondegree,565
2010,KP,67,Nondegree,565
2010,KR,67,Nondegree,565
2010,KL,67,Nondegree,565
2010,KN,67,Nondegree,565
2010,KS,67,Nondegree,565
2010,KY,67,Nondegree,565
2010,KM,67,Nondegree,565
2010,LE,67,Nondegree,565
2010,NB,67,Nondegree,565
2011,KM,67,Nondegree,647
2011,KV,67,Nondegree,647
2011,KL,67,Nondegree,647
2011,KY,67,Nondegree,647
2011,KT,67,Nondegree,647
2011,LE,67,Nondegree,647
2011,KR,67,Nondegree,647
2011,KS,67,Nondegree,647
2011,KN,67,Nondegree,647
2011,KP,67,Nondegree,647
2012,KS,67,Nondegree,705
2012,KL,67,Nondegree,705
2012,KP,67,Nondegree,705
2012,KY,67,Nondegree,705
2012,KM,67,Nondegree,705
2012,KV,67,Nondegree,705
2012,KR,67,Nondegree,705
2012,KN,67,Nondegree,705
2012,KT,67,Nondegree,705
2013,KM,67,Nondegree,688
2013,KY,67,Nondegree,688
2013,KN,67,Nondegree,688
2013,LE,67,Nondegree,688
2013,KT,67,Nondegree,688
2013,KL,67,Nondegree,688
2013,KS,67,Nondegree,688
2013,KP,67,Nondegree,688
2013,KV,67,Nondegree,688
2013,KR,67,Nondegree,688
2014,KL,67,Nondegree,751
2014,KS,67,Nondegree,751
2014,KV,67,Nondegree,751
2014,KM,67,Nondegree,751
2014,NB,67,Nondegree,751
2014,KP,67,Nondegree,751
2014,KT,67,Nondegree,751
2014,KN,67,Nondegree,751
2014,KR,67,Nondegree,751
2014,KY,67,Nondegree,751
2015,KP,67,Nondegree,754
2005,LN,1249,Nondegree-CE,86
2006,LN,1249,Nondegree-CE,70
2007,LN,1249,Nondegree-CE,83
2008,LN,1249,Nondegree-CE,72
2009,LN,1249,Nondegree-CE,101
2010,LN,1249,Nondegree-CE,101
2011,LN,1249,Nondegree-CE,104
2012,LN,1249,Nondegree-CE,57
2013,LN,1249,Nondegree-CE,57
2014,LN,1249,Nondegree-CE,47
2015,LN,1249,Nondegree-CE,52
2005,KP,139,Nuclear Engineering,159
2006,KP,139,Nuclear Engineering,162
2007,KP,139,Nuclear Engineering,171
2008,KP,139,Nuclear Engineering,174
2009,KP,139,Nuclear Engineering,117
2010,KP,139,Nuclear Engineering,122
2011,KP,139,Nuclear Engineering,59
2012,KP,139,Nuclear Engineering,26
2013,KP,139,Nuclear Engineering,14
2014,KP,139,Nuclear Engineering,5
2015,KP,139,Nuclear Engineering,3
2005,KL,191,Nutritional Sciences,53
2006,KL,191,Nutritional Sciences,61
2007,KL,191,Nutritional Sciences,60
2008,KL,191,Nutritional Sciences,61
2009,KL,191,Nutritional Sciences,58
2010,KL,191,Nutritional Sciences,57
2011,KL,191,Nutritional Sciences,49
2012,KL,191,Nutritional Sciences,38
2013,KL,191,Nutritional Sciences,42
2014,KL,191,Nutritional Sciences,43
2015,KL,191,Nutritional Sciences,45
2005,KR,161,Open Studies,20
2006,KR,161,Open Studies,22
2007,KR,161,Open Studies,9
2008,KR,161,Open Studies,12
2009,KR,161,Open Studies,12
2010,KR,161,Open Studies,8
2011,KR,161,Open Studies,6
2012,KR,161,Open Studies,4
2013,KR,161,Open Studies,5
2014,KR,161,Open Studies,3
2015,KR,161,Open Studies,3
2005,KR,153,Painting,48
2006,KR,153,Painting,46
2007,KR,153,Painting,41
2008,KR,153,Painting,35
2009,KR,153,Painting,31
2010,KR,153,Painting,35
2011,KR,153,Painting,43
2012,KR,153,Painting,38
2013,KR,153,Painting,25
2014,KR,153,Painting,21
2015,KR,153,Painting,20
2005,KV,332,Philosophy,137
2006,KV,332,Philosophy,132
2007,KV,332,Philosophy,124
2008,KV,332,Philosophy,126
2009,KV,332,Philosophy,129
2010,KV,332,Philosophy,125
2011,KV,332,Philosophy,129
2012,KV,332,Philosophy,120
2013,KV,332,Philosophy,90
2014,KV,332,Philosophy,79
2015,KV,332,Philosophy,79
2005,KR,151,Photography,33
2006,KR,151,Photography,32
2007,KR,151,Photography,35
2008,KR,151,Photography,29
2009,KR,151,Photography,33
2010,KR,151,Photography,36
2011,KR,151,Photography,42
2012,KR,151,Photography,32
2013,KR,151,Photography,28
2014,KR,151,Photography,16
2015,KR,151,Photography,9
2005,KP,240,Physics,483
2005,KV,240,Physics,483
2006,KP,240,Physics,475
2006,KV,240,Physics,475
2007,KV,240,Physics,452
2007,KP,240,Physics,452
2008,KP,240,Physics,449
2008,KV,240,Physics,449
2009,KP,240,Physics,443
2009,KV,240,Physics,443
2010,KP,240,Physics,449
2010,KV,240,Physics,449
2011,KV,240,Physics,507
2011,KP,240,Physics,507
2012,KP,240,Physics,542
2012,KV,240,Physics,542
2013,KV,240,Physics,584
2013,KP,240,Physics,584
2014,KP,240,Physics,659
2014,KV,240,Physics,659
2015,KP,240,Physics,647
2015,KV,240,Physics,647
2005,KV,320,Plant Biology,20
2006,KV,320,Plant Biology,23
2007,KV,320,Plant Biology,25
2008,KV,320,Plant Biology,30
2009,KV,320,Plant Biology,40
2010,KV,320,Plant Biology,40
2011,KV,320,Plant Biology,41
2012,KV,320,Plant Biology,43
2013,KV,320,Plant Biology,44
2014,KV,320,Plant Biology,42
2015,KV,320,Plant Biology,36
2014,KV,5461,Plant Biotechnology,3
2015,KV,5461,Plant Biotechnology,3
2011,KL,179,Plant Pathology,1
2005,KV,343,Political Science,1064
2006,KV,343,Political Science,1114
2007,KV,343,Political Science,1130
2008,KV,343,Political Science,1062
2009,KV,343,Political Science,1017
2010,KV,343,Political Science,913
2011,KV,343,Political Science,826
2012,KV,343,Political Science,749
2013,KV,343,Political Science,716
2014,KV,343,Political Science,688
2015,KV,343,Political Science,628
2005,KV,306,Portuguese,2
2006,KV,306,Portuguese,2
2007,KV,306,Portuguese,6
2008,KV,306,Portuguese,2
2009,KV,306,Portuguese,2
2010,KV,306,Portuguese,2
2011,KV,306,Portuguese,4
2012,KV,306,Portuguese,4
2013,KV,306,Portuguese,3
2014,KV,306,Portuguese,3
2015,KV,306,Portuguese,1
2006,KN,4089,Pre-Early Chld/Elem Ed/Spec Ed,188
2007,KN,4089,Pre-Early Chld/Elem Ed/Spec Ed,272
2008,KN,4089,Pre-Early Chld/Elem Ed/Spec Ed,288
2009,KN,4089,Pre-Early Chld/Elem Ed/Spec Ed,328
2010,KN,4089,Pre-Early Chld/Elem Ed/Spec Ed,287
2011,KN,4089,Pre-Early Chld/Elem Ed/Spec Ed,270
2012,KN,4089,Pre-Early Chld/Elem Ed/Spec Ed,260
2013,KN,4089,Pre-Early Chld/Elem Ed/Spec Ed,271
2014,KN,4089,Pre-Early Chld/Elem Ed/Spec Ed,241
2015,KN,4089,Pre-Early Chld/Elem Ed/Spec Ed,22
2005,LE,487,Professional Pilot,72
2006,LE,487,Professional Pilot,92
2007,LE,487,Professional Pilot,65
2008,LE,487,Professional Pilot,56
2009,LE,487,Professional Pilot,36
2010,LE,487,Professional Pilot,48
2011,LE,487,Professional Pilot,26
2012,LE,487,Professional Pilot,9
2005,KV,338,Psychology,1376
2006,KV,338,Psychology,1451
2007,KV,338,Psychology,1520
2008,KV,338,Psychology,1437
2009,KV,338,Psychology,1417
2010,KV,338,Psychology,1446
2011,KV,338,Psychology,1446
2012,KV,338,Psychology,1388
2013,KV,338,Psychology,1386
2014,KV,338,Psychology,1399
2015,KV,338,Psychology,1480
2009,KY,1630,Public Health,5
2010,KY,1630,Public Health,13
2011,KY,1630,Public Health,30
2012,KY,1630,Public Health,32
2013,KY,1630,Public Health,36
2014,KY,1630,Public Health,28
2015,KY,1630,Public Health,24
2005,KR,274,Regional Planning,28
2006,KR,274,Regional Planning,26
2007,KR,274,Regional Planning,20
2008,KR,274,Regional Planning,19
2009,KR,274,Regional Planning,25
2010,KR,274,Regional Planning,24
2011,KR,274,Regional Planning,23
2012,KR,274,Regional Planning,21
2013,KR,274,Regional Planning,19
2014,KR,274,Regional Planning,19
2015,KR,274,Regional Planning,15
2005,KY,350,Rehabilitation,6
2006,KY,350,Rehabilitation,4
2007,KY,350,Rehabilitation,6
2008,KY,350,Rehabilitation,5
2009,KY,350,Rehabilitation,4
2010,KY,350,Rehabilitation,6
2011,KY,350,Rehabilitation,10
2012,KY,350,Rehabilitation,5
2013,KY,350,Rehabilitation,1
2015,KY,350,Rehabilitation,1
2009,KV,5197,Religion,6
2010,KV,5197,Religion,15
2011,KV,5197,Religion,19
2012,KV,5197,Religion,20
2013,KV,5197,Religion,22
2014,KV,5197,Religion,20
2015,KV,5197,Religion,16
2005,KV,443,Religious Studies,29
2006,KV,443,Religious Studies,23
2007,KV,443,Religious Studies,25
2008,KV,443,Religious Studies,23
2009,KV,443,Religious Studies,19
2010,KV,443,Religious Studies,8
2011,KV,443,Religious Studies,5
2012,KV,443,Religious Studies,2
2013,KV,443,Religious Studies,1
2005,KV,420,Rhetoric,134
2006,KV,420,Rhetoric,109
2007,KV,420,Rhetoric,108
2008,KV,420,Rhetoric,119
2009,KV,420,Rhetoric,118
2010,KV,420,Rhetoric,108
2011,KV,420,Rhetoric,107
2012,KV,420,Rhetoric,93
2013,KV,420,Rhetoric,60
2014,KV,420,Rhetoric,34
2015,KV,420,Rhetoric,8
2005,KV,287,Russian & E European Studies,12
2006,KV,287,Russian & E European Studies,12
2007,KV,287,Russian & E European Studies,6
2008,KV,287,Russian & E European Studies,4
2009,KV,287,Russian & E European Studies,5
2010,KV,287,Russian & E European Studies,4
2011,KV,287,Russian & E European Studies,2
2012,KV,287,Russian & E European Studies,1
2013,KV,287,Russian & E European Studies,1
2005,KV,411,Russian Lang & Literature,4
2006,KV,411,Russian Lang & Literature,6
2007,KV,411,Russian Lang & Literature,4
2008,KV,411,Russian Lang & Literature,4
2009,KV,411,Russian Lang & Literature,4
2010,KV,411,Russian Lang & Literature,4
2011,KV,411,Russian Lang & Literature,3
2012,KV,411,Russian Lang & Literature,5
2013,KV,411,Russian Lang & Literature,6
2014,KV,411,Russian Lang & Literature,5
2015,KV,411,Russian Lang & Literature,2
2013,KV,5312,S Asian & Middle Eastern St,2
2014,KV,5312,S Asian & Middle Eastern St,5
2015,KV,5312,S Asian & Middle Eastern St,3
2005,KR,154,Sculpture,15
2006,KR,154,Sculpture,12
2007,KR,154,Sculpture,12
2008,KR,154,Sculpture,10
2009,KR,154,Sculpture,5
2010,KR,154,Sculpture,3
2011,KR,154,Sculpture,6
2012,KR,154,Sculpture,8
2013,KR,154,Sculpture,5
2014,KR,154,Sculpture,3
2015,KR,154,Sculpture,1
2005,KN,215,Secondary & Continuing Educ,112
2006,KN,215,Secondary & Continuing Educ,106
2007,KN,215,Secondary & Continuing Educ,120
2008,KN,215,Secondary & Continuing Educ,86
2009,KN,215,Secondary & Continuing Educ,54
2010,KN,215,Secondary & Continuing Educ,33
2011,KN,215,Secondary & Continuing Educ,25
2012,KN,215,Secondary & Continuing Educ,17
2013,KN,215,Secondary & Continuing Educ,9
2014,KN,215,Secondary & Continuing Educ,2
2015,KN,215,Secondary & Continuing Educ,1
2008,KN,8527,Secondary Education,3
2009,KN,8527,Secondary Education,21
2010,KN,8527,Secondary Education,13
2011,KN,8527,Secondary Education,8
2012,KN,8527,Secondary Education,16
2013,KN,8527,Secondary Education,13
2014,KN,8527,Secondary Education,11
2015,KN,8527,Secondary Education,22
2005,KV,302,Slavic Languages & Literature,4
2006,KV,302,Slavic Languages & Literature,8
2007,KV,302,Slavic Languages & Literature,10
2008,KV,302,Slavic Languages & Literature,8
2009,KV,302,Slavic Languages & Literature,13
2010,KV,302,Slavic Languages & Literature,14
2011,KV,302,Slavic Languages & Literature,15
2012,KV,302,Slavic Languages & Literature,16
2013,KV,302,Slavic Languages & Literature,16
2014,KV,302,Slavic Languages & Literature,17
2015,KV,302,Slavic Languages & Literature,14
2015,KV,5459,Slavic Studies,1
2005,LL,365,Social Work,289
2006,LL,365,Social Work,254
2007,LL,365,Social Work,255
2008,LL,365,Social Work,263
2009,LL,365,Social Work,260
2010,LL,365,Social Work,307
2011,LL,365,Social Work,372
2012,LL,365,Social Work,355
2013,LL,365,Social Work,403
2014,LL,365,Social Work,414
2015,LL,365,Social Work,468
2005,KV,344,Sociology,472
2006,KV,344,Sociology,509
2007,KV,344,Sociology,537
2008,KV,344,Sociology,514
2009,KV,344,Sociology,493
2010,KV,344,Sociology,411
2011,KV,344,Sociology,328
2012,KV,344,Sociology,282
2013,KV,344,Sociology,281
2014,KV,344,Sociology,237
2015,KV,344,Sociology,241
2005,KV,307,Spanish,318
2006,KV,307,Spanish,374
2007,KV,307,Spanish,353
2008,KV,307,Spanish,298
2009,KV,307,Spanish,277
2010,KV,307,Spanish,226
2011,KV,307,Spanish,204
2012,KV,307,Spanish,188
2013,KV,307,Spanish,193
2014,KV,307,Spanish,137
2015,KV,307,Spanish,121
2005,KN,93,Special Education,157
2006,KN,93,Special Education,154
2007,KN,93,Special Education,143
2008,KN,93,Special Education,133
2009,KN,93,Special Education,141
2010,KN,93,Special Education,140
2011,KN,93,Special Education,132
2012,KN,93,Special Education,147
2013,KN,93,Special Education,136
2014,KN,93,Special Education,144
2015,KN,93,Special Education,172
2005,KY,354,Speech & Hearing Science,298
2006,KY,354,Speech & Hearing Science,313
2007,KY,354,Speech & Hearing Science,342
2008,KY,354,Speech & Hearing Science,349
2009,KY,354,Speech & Hearing Science,340
2010,KY,354,Speech & Hearing Science,336
2011,KY,354,Speech & Hearing Science,362
2012,KY,354,Speech & Hearing Science,381
2013,KY,354,Speech & Hearing Science,363
2014,KY,354,Speech & Hearing Science,342
2015,KY,354,Speech & Hearing Science,350
2005,KV,313,Speech Communication,504
2006,KV,313,Speech Communication,592
2007,KV,313,Speech Communication,729
2008,KV,313,Speech Communication,762
2009,KV,313,Speech Communication,377
2010,KV,313,Speech Communication,79
2011,KV,313,Speech Communication,13
2012,KV,313,Speech Communication,6
2013,KV,313,Speech Communication,2
2014,KV,313,Speech Communication,2
2015,KV,313,Speech Communication,2
2005,KV,329,Statistics,77
2006,KV,329,Statistics,75
2007,KV,329,Statistics,118
2008,KV,329,Statistics,133
2009,KV,329,Statistics,155
2010,KV,329,Statistics,177
2011,KV,329,Statistics,220
2012,KV,329,Statistics,270
2013,KV,329,Statistics,260
2014,KV,329,Statistics,262
2015,KV,329,Statistics,336
2005,KV,464,Statistics & Computer Science,10
2006,KV,464,Statistics & Computer Science,11
2007,KV,464,Statistics & Computer Science,8
2008,KV,464,Statistics & Computer Science,14
2009,KV,464,Statistics & Computer Science,16
2010,KV,464,Statistics & Computer Science,19
2011,KV,464,Statistics & Computer Science,16
2012,KV,464,Statistics & Computer Science,20
2013,KV,464,Statistics & Computer Science,34
2014,KV,464,Statistics & Computer Science,55
2015,KV,464,Statistics & Computer Science,107
2008,KM,5071,Supply Chain Management,24
2009,KM,5071,Supply Chain Management,35
2010,KM,5071,Supply Chain Management,52
2011,KM,5071,Supply Chain Management,50
2012,KM,5071,Supply Chain Management,58
2013,KM,5071,Supply Chain Management,70
2014,KM,5071,Supply Chain Management,90
2015,KM,5071,Supply Chain Management,92
2005,KP,3846,Systems & Entrepreneurial Engr,27
2006,KP,3846,Systems & Entrepreneurial Engr,31
2007,KP,3846,Systems & Entrepreneurial Engr,33
2008,KP,3846,Systems & Entrepreneurial Engr,33
2009,KP,3846,Systems & Entrepreneurial Engr,30
2010,KP,3846,Systems & Entrepreneurial Engr,26
2011,KP,3846,Systems & Entrepreneurial Engr,19
2012,KP,3846,Systems & Entrepreneurial Engr,20
2013,KP,3846,Systems & Entrepreneurial Engr,25
2014,KP,3846,Systems & Entrepreneurial Engr,24
2015,KP,3846,Systems & Entrepreneurial Engr,28
2009,KM,5187,Taxation,26
2010,KM,5187,Taxation,29
2011,KM,5187,Taxation,21
2012,KM,5187,Taxation,31
2013,KM,5187,Taxation,31
2014,KM,5187,Taxation,28
2015,KM,5187,Taxation,24
2005,KV,293,Teaching of Biological Science,1
2006,KV,293,Teaching of Biological Science,1
2009,KV,293,Teaching of Biological Science,2
2010,KV,293,Teaching of Biological Science,2
2011,KV,293,Teaching of Biological Science,1
2014,KV,5278,Teaching of Biological Science,1
2005,KV,294,Teaching of Chemistry,12
2006,KV,294,Teaching of Chemistry,6
2007,KV,294,Teaching of Chemistry,4
2008,KV,294,Teaching of Chemistry,2
2009,KV,294,Teaching of Chemistry,3
2010,KV,294,Teaching of Chemistry,2
2012,KV,294,Teaching of Chemistry,2
2013,KV,294,Teaching of Chemistry,1
2014,KV,294,Teaching of Chemistry,3
2015,KV,294,Teaching of Chemistry,2
2008,KV,346,Teaching of Earth Science,1
2009,KV,346,Teaching of Earth Science,1
2005,KV,299,Teaching of English Sec Lang,50
2006,KV,299,Teaching of English Sec Lang,54
2007,KV,299,Teaching of English Sec Lang,53
2008,KV,299,Teaching of English Sec Lang,52
2009,KV,299,Teaching of English Sec Lang,50
2010,KV,299,Teaching of English Sec Lang,59
2011,KV,299,Teaching of English Sec Lang,49
2012,KV,299,Teaching of English Sec Lang,49
2013,KV,299,Teaching of English Sec Lang,61
2014,KV,299,Teaching of English Sec Lang,51
2015,KV,299,Teaching of English Sec Lang,39
2005,KV,295,Teaching of French,8
2006,KV,295,Teaching of French,5
2007,KV,295,Teaching of French,3
2008,KV,295,Teaching of French,5
2009,KV,295,Teaching of French,7
2010,KV,295,Teaching of French,4
2011,KV,295,Teaching of French,2
2012,KV,295,Teaching of French,8
2013,KV,295,Teaching of French,5
2014,KV,295,Teaching of French,3
2015,KV,295,Teaching of French,2
2005,KV,296,Teaching of German,2
2006,KV,296,Teaching of German,4
2007,KV,296,Teaching of German,4
2008,KV,296,Teaching of German,2
2009,KV,296,Teaching of German,3
2010,KV,296,Teaching of German,3
2011,KV,296,Teaching of German,1
2012,KV,296,Teaching of German,1
2013,KV,296,Teaching of German,1
2015,KV,296,Teaching of German,1
2005,KV,345,Teaching of Latin,1
2006,KV,345,Teaching of Latin,2
2007,KV,345,Teaching of Latin,1
2009,KV,345,Teaching of Latin,2
2010,KV,345,Teaching of Latin,1
2011,KV,345,Teaching of Latin,2
2014,KV,345,Teaching of Latin,3
2015,KV,345,Teaching of Latin,2
2005,KV,290,Teaching of Mathematics,2
2006,KV,290,Teaching of Mathematics,2
2007,KV,290,Teaching of Mathematics,2
2010,KV,290,Teaching of Mathematics,4
2011,KV,290,Teaching of Mathematics,6
2012,KV,290,Teaching of Mathematics,3
2013,KV,290,Teaching of Mathematics,4
2014,KV,290,Teaching of Mathematics,4
2015,KV,290,Teaching of Mathematics,1
2010,KP,241,Teaching of Physics,1
2011,KP,241,Teaching of Physics,3
2012,KP,241,Teaching of Physics,1
2013,KP,241,Teaching of Physics,2
2014,KP,241,Teaching of Physics,2
2005,KV,297,Teaching of Spanish,27
2006,KV,297,Teaching of Spanish,30
2007,KV,297,Teaching of Spanish,31
2008,KV,297,Teaching of Spanish,36
2009,KV,297,Teaching of Spanish,28
2010,KV,297,Teaching of Spanish,25
2011,KV,297,Teaching of Spanish,26
2012,KV,297,Teaching of Spanish,18
2013,KV,297,Teaching of Spanish,7
2014,KV,297,Teaching of Spanish,16
2015,KV,297,Teaching of Spanish,10
2005,KL,25,Technical Systems Management,92
2006,KL,25,Technical Systems Management,86
2007,KL,25,Technical Systems Management,96
2008,KL,25,Technical Systems Management,105
2009,KL,25,Technical Systems Management,129
2010,KL,25,Technical Systems Management,149
2011,KL,25,Technical Systems Management,195
2012,KL,25,Technical Systems Management,214
2013,KL,25,Technical Systems Management,219
2014,KL,25,Technical Systems Management,220
2015,KL,25,Technical Systems Management,205
2008,KM,5148,Technology Management,49
2009,KM,5148,Technology Management,52
2010,KM,5148,Technology Management,59
2011,KM,5148,Technology Management,81
2012,KM,5148,Technology Management,102
2013,KM,5148,Technology Management,125
2014,KM,5148,Technology Management,106
2015,KM,5148,Technology Management,138
2005,KR,162,Theatre,199
2006,KR,162,Theatre,186
2007,KR,162,Theatre,182
2008,KR,162,Theatre,188
2009,KR,162,Theatre,180
2010,KR,162,Theatre,176
2011,KR,162,Theatre,175
2012,KR,162,Theatre,195
2013,KR,162,Theatre,176
2014,KR,162,Theatre,167
2015,KR,162,Theatre,160
2005,KP,242,Theoretical & Applied Mechans,67
2006,KP,242,Theoretical & Applied Mechans,61
2007,KP,242,Theoretical & Applied Mechans,51
2008,KP,242,Theoretical & Applied Mechans,47
2009,KP,242,Theoretical & Applied Mechans,46
2010,KP,242,Theoretical & Applied Mechans,45
2011,KP,242,Theoretical & Applied Mechans,47
2012,KP,242,Theoretical & Applied Mechans,51
2013,KP,242,Theoretical & Applied Mechans,58
2014,KP,242,Theoretical & Applied Mechans,56
2015,KP,242,Theoretical & Applied Mechans,47
2013,KV,5346,Translation and Interpreting,7
2014,KV,5346,Translation and Interpreting,10
2015,KV,5346,Translation and Interpreting,12
2007,KW,5083,Undeclared,83
2008,KW,5083,Undeclared,2016
2009,KW,5083,Undeclared,3055
2010,KW,5083,Undeclared,2927
2011,KW,5083,Undeclared,2927
2012,KW,5083,Undeclared,2967
2013,KW,5083,Undeclared,2786
2014,KW,5083,Undeclared,2649
2015,KW,5083,Undeclared,2790
2005,KR,155,Urban Planning,191
2006,KR,155,Urban Planning,202
2007,KR,155,Urban Planning,164
2008,KR,155,Urban Planning,150
2009,KR,155,Urban Planning,159
2010,KR,155,Urban Planning,149
2011,KR,155,Urban Planning,155
2012,KR,155,Urban Planning,143
2013,KR,155,Urban Planning,126
2014,KR,155,Urban Planning,134
2015,KR,155,Urban Planning,142
2011,LC,5274,VMS - Comparative Biosciences,2
2012,LC,5274,VMS - Comparative Biosciences,13
2013,LC,5274,VMS - Comparative Biosciences,12
2014,LC,5274,VMS - Comparative Biosciences,13
2015,LC,5274,VMS - Comparative Biosciences,16
2010,LC,5216,VMS - Pathobiology,5
2011,LC,5216,VMS - Pathobiology,9
2012,LC,5216,VMS - Pathobiology,12
2013,LC,5216,VMS - Pathobiology,19
2014,LC,5216,VMS - Pathobiology,18
2015,LC,5216,VMS - Pathobiology,21
2005,LC,357,VMS - Veterinary Biosciences,18
2006,LC,357,VMS - Veterinary Biosciences,18
2007,LC,357,VMS - Veterinary Biosciences,17
2008,LC,357,VMS - Veterinary Biosciences,19
2009,LC,357,VMS - Veterinary Biosciences,18
2010,LC,357,VMS - Veterinary Biosciences,15
2011,LC,357,VMS - Veterinary Biosciences,13
2005,LC,361,VMS - Veterinary Pathobiology,24
2006,LC,361,VMS - Veterinary Pathobiology,17
2007,LC,361,VMS - Veterinary Pathobiology,19
2008,LC,361,VMS - Veterinary Pathobiology,14
2009,LC,361,VMS - Veterinary Pathobiology,16
2010,LC,361,VMS - Veterinary Pathobiology,14
2011,LC,361,VMS - Veterinary Pathobiology,11
2012,LC,361,VMS - Veterinary Pathobiology,6
2013,LC,361,VMS - Veterinary Pathobiology,6
2014,LC,361,VMS - Veterinary Pathobiology,1
2015,LC,361,VMS - Veterinary Pathobiology,1
2005,LC,359,VMS-Veterinary Clinical Medcne,27
2006,LC,359,VMS-Veterinary Clinical Medcne,27
2007,LC,359,VMS-Veterinary Clinical Medcne,31
2008,LC,359,VMS-Veterinary Clinical Medcne,33
2009,LC,359,VMS-Veterinary Clinical Medcne,30
2010,LC,359,VMS-Veterinary Clinical Medcne,32
2011,LC,359,VMS-Veterinary Clinical Medcne,30
2012,LC,359,VMS-Veterinary Clinical Medcne,26
2013,LC,359,VMS-Veterinary Clinical Medcne,30
2014,LC,359,VMS-Veterinary Clinical Medcne,35
2015,LC,359,VMS-Veterinary Clinical Medcne,38
2006,LC,356,Veterinary Medical Science,1
2007,LC,356,Veterinary Medical Science,2
2005,LC,480,Veterinary Medicine,404
2006,LC,480,Veterinary Medicine,413
2007,LC,480,Veterinary Medicine,428
2008,LC,480,Veterinary Medicine,451
2009,LC,480,Veterinary Medicine,463
2010,LC,480,Veterinary Medicine,478
2011,LC,480,Veterinary Medicine,493
2012,LC,480,Veterinary Medicine,485
2013,LC,480,Veterinary Medicine,487
2014,LC,480,Veterinary Medicine,486
2015,LC,480,Veterinary Medicine,491
2005,KR,157,Voice,19
2006,KR,157,Voice,21
2007,KR,157,Voice,25
2008,KR,157,Voice,35
2009,KR,157,Voice,30
2010,KR,157,Voice,32
2011,KR,157,Voice,30
2012,KR,157,Voice,34
2013,KR,157,Voice,26
2014,KR,157,Voice,24
2015,KR,157,Voice,28
